brand_name,corp_name,year,startup_cost_만원,avg_sales_만원,store_count,closure_rate_percent,new_store_count,contract_end_count,contract_cancel_count,business_years,page_url
BBQ,(주)제너시스비비큐,2024,90789,496840,2238,3.17,182,71,0,29년 6개월,https://jshj.net/brands/BBQ-BRD_20161241
비에이치씨(BHC),다이닝브랜즈그룹(주),2024,90027,546729,2291,7.03,461,158,3,20년 6개월,https://jshj.net/brands/%EB%B9%84%EC%97%90%EC%9D%B4%EC%B9%98%EC%94%A8(BHC)-BRD_20080100655
교촌치킨,교촌에프앤비(주),2023,130902,749040,1365,0.22,31,0,3,29년 11개월,https://jshj.net/brands/%EA%B5%90%EC%B4%8C%EC%B9%98%ED%82%A8-BRD_20080600002
처갓집양념치킨,(주)한국일오삼,2023,26850,285309,1221,12.37,131,6,145,41년 2개월,https://jshj.net/brands/%EC%B2%98%EA%B0%93%EC%A7%91%EC%96%91%EB%85%90%EC%B9%98%ED%82%A8-BRD_20080200106
굽네치킨,(주)지앤푸드,2023,92455,455454,1124,2.05,52,21,2,19년 2개월,https://jshj.net/brands/%EA%B5%BD%EB%84%A4%EC%B9%98%ED%82%A8-BRD_20080200030
페리카나,(주)페리카나,2023,35450,134296,1056,4.83,22,0,51,43년 2개월,https://jshj.net/brands/%ED%8E%98%EB%A6%AC%EC%B9%B4%EB%82%98-BRD_20080500035
네네치킨,(주)혜인식품,2023,61110,219128,1011,6.82,20,0,69,14년 1개월,https://jshj.net/brands/%EB%84%A4%EB%84%A4%EC%B9%98%ED%82%A8-BRD_20080100061
가마치통닭,(주)티지와이,2023,50000,232945,620,6.94,75,0,43,7년 11개월,https://jshj.net/brands/%EA%B0%80%EB%A7%88%EC%B9%98%ED%86%B5%EB%8B%AD-BRD_20160798
노랑통닭,(주)노랑푸드,2023,61900,0,632,5.54,105,1,34,14년 11개월,https://jshj.net/brands/%EB%85%B8%EB%9E%91%ED%86%B5%EB%8B%AD-BRD_20130176
지코바양념치킨,(주)지코바,2023,57000,258263,733,2.05,26,15,0,34년 4개월,https://jshj.net/brands/%EC%A7%80%EC%BD%94%EB%B0%94%EC%96%91%EB%85%90%EC%B9%98%ED%82%A8-BRD_20080300013
멕시카나,(주)멕시카나,2024,31850,198228,867,10.84,88,0,94,35년 4개월,https://jshj.net/brands/%EB%A9%95%EC%8B%9C%EC%B9%B4%EB%82%98-BRD_20080100262
호식이두마리치킨,호식이두마리치킨,2023,22700,0,0,,0,0,0,29년 4개월,https://jshj.net/brands/%ED%98%B8%EC%8B%9D%EC%9D%B4%EB%91%90%EB%A7%88%EB%A6%AC%EC%B9%98%ED%82%A8-BRD_20080600014
푸라닭,(주)아이더스에프앤비,2024,75780,415622,714,4.06,15,4,25,10년 1개월,https://jshj.net/brands/%ED%91%B8%EB%9D%BC%EB%8B%AD-BRD_20150218
자담치킨,(주)웰빙푸드,2023,42900,297885,716,10.2,70,35,38,10년 2개월,https://jshj.net/brands/%EC%9E%90%EB%8B%B4%EC%B9%98%ED%82%A8-BRD_20140475
60계,(주)장스푸드,2023,72550,374240,663,2.87,52,0,19,8년 6개월,https://jshj.net/brands/60%EA%B3%84-BRD_20151039
또래오래,(주)농협목우촌,2023,32676,138076,563,14.03,39,0,79,21년 0개월,https://jshj.net/brands/%EB%98%90%EB%9E%98%EC%98%A4%EB%9E%98-BRD_20080100180
또봉이통닭,또봉이에프앤에스(주),2023,28060,147034,456,13.38,44,0,61,12년 2개월,https://jshj.net/brands/%EB%98%90%EB%B4%89%EC%9D%B4%ED%86%B5%EB%8B%AD-BRD_20120100160
맥시칸치킨,(주)맥시칸,2023,29300,108836,447,4.25,144,19,0,38년 9개월,https://jshj.net/brands/%EB%A7%A5%EC%8B%9C%EC%B9%B8%EC%B9%98%ED%82%A8-BRD_20080200276
훌랄라참숯치킨,(주)훌랄라,,,,,,,,,,https://jshj.net/brands/%ED%9B%8C%EB%9E%84%EB%9D%BC%EC%B0%B8%EC%88%AF%EC%B9%98%ED%82%A8-BRD_20080100261
후라이드 참 잘하는집,(주)티엔엔터테인먼트,2023,48500,224459,271,2.21,31,6,0,7년 2개월,https://jshj.net/brands/%ED%9B%84%EB%9D%BC%EC%9D%B4%EB%93%9C%20%EC%B0%B8%20%EC%9E%98%ED%95%98%EB%8A%94%EC%A7%91-BRD_20170439
치킨플러스,(주)홀딩핸즈앤코,2025,,202453,279,16.49,37,45,1,,https://jshj.net/brands/%EC%B9%98%ED%82%A8%ED%94%8C%EB%9F%AC%EC%8A%A4-BRD_20170127
부어치킨,(주)정직한스푼,2025,,151491,260,7.69,51,10,10,,https://jshj.net/brands/%EB%B6%80%EC%96%B4%EC%B9%98%ED%82%A8-BRD_20080100487
누구나홀딱반한닭,(주)티앤비코리아,2023,77836,421435,227,9.25,18,12,9,12년 11개월,https://jshj.net/brands/%EB%88%84%EA%B5%AC%EB%82%98%ED%99%80%EB%94%B1%EB%B0%98%ED%95%9C%EB%8B%AD-BRD_20110100603
꾸브라꼬숯불치킨,(주)외식전문기업제이케이,2024,33880,333164,208,13.46,37,28,0,8년 7개월,https://jshj.net/brands/%EA%BE%B8%EB%B8%8C%EB%9D%BC%EA%BC%AC%EC%88%AF%EB%B6%88%EC%B9%98%ED%82%A8-BRD_20171298
기영이숯불두마리치킨,(주)기영에프앤비,2024,50700,328962,175,8,119,0,14,2년 10개월,https://jshj.net/brands/%EA%B8%B0%EC%98%81%EC%9D%B4%EC%88%AF%EB%B6%88%EB%91%90%EB%A7%88%EB%A6%AC%EC%B9%98%ED%82%A8-BRD_20213267
보드람치킨,(주)보드람씨앤알,2024,75900,273062,189,5.29,18,10,0,23년 5개월,https://jshj.net/brands/%EB%B3%B4%EB%93%9C%EB%9E%8C%EC%B9%98%ED%82%A8-BRD_20080200018
바른치킨,(주)이루에프씨,2023,43900,245881,309,11.65,45,0,36,9년 1개월,https://jshj.net/brands/%EB%B0%94%EB%A5%B8%EC%B9%98%ED%82%A8-BRD_20150930
땅땅치킨,(주)프랜푸드,2023,53796,153576,279,15.77,26,7,37,20년 0개월,https://jshj.net/brands/%EB%95%85%EB%95%85%EC%B9%98%ED%82%A8-BRD_20080600010
치킨신드롬,(주)오앤씨웰푸드,2023,51600,147002,169,18.34,22,0,31,21년 3개월,https://jshj.net/brands/%EC%B9%98%ED%82%A8%EC%8B%A0%EB%93%9C%EB%A1%AC-BRD_20080300020
동근이숯불두마리치킨,(주)디지에프앤비,2024,49860,243944,167,22.75,40,2,36,8년 2개월,https://jshj.net/brands/%EB%8F%99%EA%B7%BC%EC%9D%B4%EC%88%AF%EB%B6%88%EB%91%90%EB%A7%88%EB%A6%AC%EC%B9%98%ED%82%A8-BRD_20161199
화락바베큐치킨,에이치에프비지(주),2024,55600,328060,126,3.97,91,0,5,3년 5개월,https://jshj.net/brands/%ED%99%94%EB%9D%BD%EB%B0%94%EB%B2%A0%ED%81%90%EC%B9%98%ED%82%A8-BRD_20214343
아라치,(주)삼화에프앤디,,,,,,,,,,https://jshj.net/brands/%EC%95%84%EB%9D%BC%EC%B9%98-BRD_20212359
깐부치킨,(주)깐부,2023,108000,471977,169,7.69,6,0,13,17년 7개월,https://jshj.net/brands/%EA%B9%90%EB%B6%80%EC%B9%98%ED%82%A8-BRD_20100100377
치킨마루,다인에프씨(주),2023,33670,120055,208,24.52,27,0,51,18년 7개월,https://jshj.net/brands/%EC%B9%98%ED%82%A8%EB%A7%88%EB%A3%A8-BRD_20080100052
티바두마리치킨,(주)신라외식개발,2023,42826,130284,217,48.39,17,0,105,22년 2개월,https://jshj.net/brands/%ED%8B%B0%EB%B0%94%EB%91%90%EB%A7%88%EB%A6%AC%EC%B9%98%ED%82%A8-BRD_20080300019
오븐마루,(주)오엠푸드,2023,56000,229119,122,24.59,21,0,30,9년 4개월,https://jshj.net/brands/%EC%98%A4%EB%B8%90%EB%A7%88%EB%A3%A8-BRD_20130505
신통치킨,(주)올치에프씨,2023,39700,54064,189,12.17,12,0,23,10년 6개월,https://jshj.net/brands/%EC%8B%A0%ED%86%B5%EC%B9%98%ED%82%A8-BRD_20140100
돈치킨,다인에프씨(주),2023,66000,180529,175,17.14,14,0,30,10년 0개월,https://jshj.net/brands/%EB%8F%88%EC%B9%98%ED%82%A8-BRD_20080100259
순살몬스터,(주)신라외식개발,2023,41350,45209,165,22.42,202,0,37,2년 4개월,https://jshj.net/brands/%EC%88%9C%EC%82%B4%EB%AA%AC%EC%8A%A4%ED%84%B0-BRD_20215029
썬더치킨,(주)썬더치킨,2023,78800,162296,120,153.33,27,0,184,18년 5개월,https://jshj.net/brands/%EC%8D%AC%EB%8D%94%EC%B9%98%ED%82%A8-BRD_20130538
코리엔탈깻잎두마리치킨,(주)채움푸드,2023,13071,99742,196,45.92,14,0,90,10년 1개월,https://jshj.net/brands/%EC%BD%94%EB%A6%AC%EC%97%94%ED%83%88%EA%B9%BB%EC%9E%8E%EB%91%90%EB%A7%88%EB%A6%AC%EC%B9%98%ED%82%A8-BRD_20140706
맛닭꼬,(주)꼬꼬에프앤비,2023,65850,324151,125,12,12,15,0,13년 10개월,https://jshj.net/brands/%EB%A7%9B%EB%8B%AD%EA%BC%AC-BRD_20110100490
가마로강정,(주)마세다린,2023,37940,0,0,,4,0,16,52년 10개월,https://jshj.net/brands/%EA%B0%80%EB%A7%88%EB%A1%9C%EA%B0%95%EC%A0%95-BRD_20120100651
순살만공격,(주)프로스이앤에프,2024,57300,322891,200,19,13,5,33,3년 9개월,https://jshj.net/brands/%EC%88%9C%EC%82%B4%EB%A7%8C%EA%B3%B5%EA%B2%A9-BRD_20211707
알통떡강정,(주)알통컴퍼니,2023,38600,110536,145,15.86,8,0,23,12년 4개월,https://jshj.net/brands/%EC%95%8C%ED%86%B5%EB%96%A1%EA%B0%95%EC%A0%95-BRD_20130100381
치킨매니아,(주)코리아델로스케이디,2023,95490,198792,163,30.06,11,0,49,16년 6개월,https://jshj.net/brands/%EC%B9%98%ED%82%A8%EB%A7%A4%EB%8B%88%EC%95%84-BRD_20080100545
김종구식맛치킨ㆍ 전기바베큐 옛날통닭,(주)김종구참푸드,,,,,,,,,,https://jshj.net/brands/%EA%B9%80%EC%A2%85%EA%B5%AC%EC%8B%9D%EB%A7%9B%EC%B9%98%ED%82%A8%E3%86%8D%20%EC%A0%84%EA%B8%B0%EB%B0%94%EB%B2%A0%ED%81%90%20%EC%98%9B%EB%82%A0%ED%86%B5%EB%8B%AD-BRD_20214050
호치킨,다인에프씨(주),2025,,335178,112,31.25,15,15,20,,https://jshj.net/brands/%ED%98%B8%EC%B9%98%ED%82%A8-BRD_20120100525
불로만치킨바베큐,(주)불로만,2023,70300,0,0,,3,0,11,26년 1개월,https://jshj.net/brands/%EB%B6%88%EB%A1%9C%EB%A7%8C%EC%B9%98%ED%82%A8%EB%B0%94%EB%B2%A0%ED%81%90-BRD_20080200073
본스치킨,(주)비에이지본스,2023,74425,140278,110,20.91,6,0,23,17년 1개월,https://jshj.net/brands/%EB%B3%B8%EC%8A%A4%EC%B9%98%ED%82%A8-BRD_20080100055
장모님치킨,장모육계유통,2023,44540,74351,108,13.89,3,0,15,34년 7개월,https://jshj.net/brands/%EC%9E%A5%EB%AA%A8%EB%8B%98%EC%B9%98%ED%82%A8-BRD_20080300005
다사랑,(주)다사랑,2023,140700,466767,96,8.33,12,0,8,21년 9개월,https://jshj.net/brands/%EB%8B%A4%EC%82%AC%EB%9E%91-BRD_20080400025
갓튀긴후라이드,(주)갓에프엔비,2023,34550,420121,33,0,10,0,0,5년 8개월,https://jshj.net/brands/%EA%B0%93%ED%8A%80%EA%B8%B4%ED%9B%84%EB%9D%BC%EC%9D%B4%EB%93%9C-BRD_20190753
오븐에 꾸운 닭,계림F&C,2023,149500,181627,120,11.67,5,14,0,61년 8개월,https://jshj.net/brands/%EC%98%A4%EB%B8%90%EC%97%90%20%EA%BE%B8%EC%9A%B4%20%EB%8B%AD-BRD_20090300039
코리안바베큐,(주)티비비씨,2023,71000,158030,112,8.93,6,0,10,26년 2개월,https://jshj.net/brands/%EC%BD%94%EB%A6%AC%EC%95%88%EB%B0%94%EB%B2%A0%ED%81%90-BRD_20080200047
DK동키치킨,디케이팩토리(DKFACTORY),2023,57800,81480,102,0,10,0,0,6년 4개월,https://jshj.net/brands/DK%EB%8F%99%ED%82%A4%EC%B9%98%ED%82%A8-BRD_20171186
인생닭강정,(주)인생닭강정,2023,41590,144223,134,28.36,28,0,38,4년 1개월,https://jshj.net/brands/%EC%9D%B8%EC%83%9D%EB%8B%AD%EA%B0%95%EC%A0%95-BRD_20200209
명가통닭,(주)명가참푸드,2023,23500,213791,75,18.67,11,6,8,4년 4개월,https://jshj.net/brands/%EB%AA%85%EA%B0%80%ED%86%B5%EB%8B%AD-BRD_20200798
디디치킨(DD치킨),(주)디디에프엔비,2023,38550,138491,114,27.19,27,0,31,21년 0개월,https://jshj.net/brands/%EB%94%94%EB%94%94%EC%B9%98%ED%82%A8(DD%EC%B9%98%ED%82%A8)-BRD_20080200132
둘둘치킨,(주)일동인터내쇼날,2023,65800,153272,85,15.29,4,0,13,26년 11개월,https://jshj.net/brands/%EB%91%98%EB%91%98%EC%B9%98%ED%82%A8-BRD_20080100172
화평댁닭구이,(주)더킹에프엔씨,2023,70100,0,0,,0,0,0,0년 0개월,https://jshj.net/brands/%ED%99%94%ED%8F%89%EB%8C%81%EB%8B%AD%EA%B5%AC%EC%9D%B4-BRD_20230971
쌀통닭,(주)호림,2023,72600,213558,82,14.63,8,12,0,11년 0개월,https://jshj.net/brands/%EC%8C%80%ED%86%B5%EB%8B%AD-BRD_20130123
냠냠숯불두마리치킨,(주)냠냠푸드,2023,46100,201857,72,0,22,0,0,5년 1개월,https://jshj.net/brands/%EB%83%A0%EB%83%A0%EC%88%AF%EB%B6%88%EB%91%90%EB%A7%88%EB%A6%AC%EC%B9%98%ED%82%A8-BRD_20190293
구도로통닭,(주)구도로,2023,115523,677880,75,2.67,55,0,2,4년 0개월,https://jshj.net/brands/%EA%B5%AC%EB%8F%84%EB%A1%9C%ED%86%B5%EB%8B%AD-BRD_20201537
1번지통닭,(주)원쓰푸드,2024,49500,338895,63,6.35,19,4,0,5년 10개월,https://jshj.net/brands/1%EB%B2%88%EC%A7%80%ED%86%B5%EB%8B%AD-BRD_20240140
오늘통닭,(주)대현푸드빌,2023,64700,213256,80,22.5,49,6,12,15년 8개월,https://jshj.net/brands/%EC%98%A4%EB%8A%98%ED%86%B5%EB%8B%AD-BRD_20090100082
이춘봉치킨,(주)마스터아이디,2023,48730,89761,89,73.03,23,0,65,7년 5개월,https://jshj.net/brands/%EC%9D%B4%EC%B6%98%EB%B4%89%EC%B9%98%ED%82%A8-BRD_20170560
충만치킨,(주)씨엠치킨,2023,87170,205188,99,27.27,2,0,27,10년 3개월,https://jshj.net/brands/%EC%B6%A9%EB%A7%8C%EC%B9%98%ED%82%A8-BRD_20140594
계동치킨,(주)신성유통,2023,39600,0,86,12.79,2,0,11,19년 8개월,https://jshj.net/brands/%EA%B3%84%EB%8F%99%EC%B9%98%ED%82%A8-BRD_20080600017
림스치킨,림스상사(림스고려인삼홍삼상사),2023,51000,0,59,22.03,8,0,13,46년 10개월,https://jshj.net/brands/%EB%A6%BC%EC%8A%A4%EC%B9%98%ED%82%A8-BRD_20090100151
아주커,(주)에이에프씨코리아,2023,33300,254027,68,7.35,6,0,5,25년 10개월,https://jshj.net/brands/%EC%95%84%EC%A3%BC%EC%BB%A4-BRD_20080400001
컬투치킨,(주)컬투에프앤비,2023,47270,154104,72,25,10,18,0,13년 2개월,https://jshj.net/brands/%EC%BB%AC%ED%88%AC%EC%B9%98%ED%82%A8-BRD_20100100628
박군치킨,(주)홈델리,2025,,99599,65,9.23,8,0,6,,https://jshj.net/brands/%EB%B0%95%EA%B5%B0%EC%B9%98%ED%82%A8-BRD_20130438
두레통닭,(주)도담에프앤에스,2023,40400,183631,33,3.03,24,1,0,5년 0개월,https://jshj.net/brands/%EB%91%90%EB%A0%88%ED%86%B5%EB%8B%AD-BRD_20190677
칠봉통닭,(주)신라외식개발,2023,40830,0,0,,0,0,0,0년 0개월,https://jshj.net/brands/%EC%B9%A0%EB%B4%89%ED%86%B5%EB%8B%AD-BRD_20215034
배무치숯불두마리치킨,(주)세현에프앤비,2023,5500,0,0,,0,0,0,0년 0개월,https://jshj.net/brands/%EB%B0%B0%EB%AC%B4%EC%B9%98%EC%88%AF%EB%B6%88%EB%91%90%EB%A7%88%EB%A6%AC%EC%B9%98%ED%82%A8-BRD_20230132
스모프치킨,㈜스모프,2023,40600,0,0,,0,0,0,0년 0개월,https://jshj.net/brands/%EC%8A%A4%EB%AA%A8%ED%94%84%EC%B9%98%ED%82%A8-BRD_20230021
아웃닭,(주)테즈,2023,101400,408639,60,3.33,0,2,0,13년 7개월,https://jshj.net/brands/%EC%95%84%EC%9B%83%EB%8B%AD-BRD_20110300082
남썬치킨,(주)하하호호푸드,2024,44550,148865,93,11.83,22,11,0,2년 5개월,https://jshj.net/brands/%EB%82%A8%EC%8D%AC%EC%B9%98%ED%82%A8-BRD_20221049
국제통닭,(주)국제에프씨,2023,47465,227423,59,18.64,5,5,6,7년 2개월,https://jshj.net/brands/%EA%B5%AD%EC%A0%9C%ED%86%B5%EB%8B%AD-BRD_20170519
오븐에빠진닭,(주)에땅,2023,105590,321424,70,15.71,3,0,11,15년 10개월,https://jshj.net/brands/%EC%98%A4%EB%B8%90%EC%97%90%EB%B9%A0%EC%A7%84%EB%8B%AD-BRD_20080100034
영계소문옛날통닭,농업회사법인영계소문(주),2023,38300,0,0,,4,0,5,3년 4개월,https://jshj.net/brands/%EC%98%81%EA%B3%84%EC%86%8C%EB%AC%B8%EC%98%9B%EB%82%A0%ED%86%B5%EB%8B%AD-BRD_20211115
전설의치킨,(주)시원전설의푸드,2023,50950,157249,57,28.07,7,16,0,14년 2개월,https://jshj.net/brands/%EC%A0%84%EC%84%A4%EC%9D%98%EC%B9%98%ED%82%A8-BRD_20110100524
미쳐버린파닭,(주)수정,2023,28100,117607,69,7.25,4,0,5,17년 3개월,https://jshj.net/brands/%EB%AF%B8%EC%B3%90%EB%B2%84%EB%A6%B0%ED%8C%8C%EB%8B%AD-BRD_20100600055
봉이치킨,(주)봉이에프엔씨,2023,25300,35311,54,12.96,0,7,0,12년 4개월,https://jshj.net/brands/%EB%B4%89%EC%9D%B4%EC%B9%98%ED%82%A8-BRD_20120100629
계림원누릉지통닭구이,(주)동천에프앤비,2023,93050,210575,52,11.54,8,0,6,11년 2개월,https://jshj.net/brands/%EA%B3%84%EB%A6%BC%EC%9B%90%EB%88%84%EB%A6%89%EC%A7%80%ED%86%B5%EB%8B%AD%EA%B5%AC%EC%9D%B4-BRD_20140218
테트리스찜닭,(주)선일에프앤비,2023,13100,124258,89,49.44,8,11,33,7년 6개월,https://jshj.net/brands/%ED%85%8C%ED%8A%B8%EB%A6%AC%EC%8A%A4%EC%B0%9C%EB%8B%AD-BRD_20171319
찐이야숯불두마리치킨,굿웰푸드(세븐치킨),2023,36850,207871,30,20,11,0,6,4년 6개월,https://jshj.net/brands/%EC%B0%90%EC%9D%B4%EC%95%BC%EC%88%AF%EB%B6%88%EB%91%90%EB%A7%88%EB%A6%AC%EC%B9%98%ED%82%A8-BRD_20191275
오태식해바라기치킨,(주)서호에프앤비,2023,35150,0,87,57.47,11,0,50,5년 4개월,https://jshj.net/brands/%EC%98%A4%ED%83%9C%EC%8B%9D%ED%95%B4%EB%B0%94%EB%9D%BC%EA%B8%B0%EC%B9%98%ED%82%A8-BRD_20201202
청년치킨,(주)청년치킨,2023,57700,651270,32,3.13,5,1,0,4년 4개월,https://jshj.net/brands/%EC%B2%AD%EB%85%84%EC%B9%98%ED%82%A8-BRD_20200341
88켄터키치킨&떡볶이,(주)현인에프앤디,2024,32800,201848,47,10.64,6,1,4,10년 9개월,https://jshj.net/brands/88%EC%BC%84%ED%84%B0%ED%82%A4%EC%B9%98%ED%82%A8%EB%96%A1%EB%B3%B6%EC%9D%B4-BRD_20140759
홍희통닭,(주)참맛푸드,2023,45920,0,28,0,3,0,0,0년 0개월,https://jshj.net/brands/%ED%99%8D%ED%9D%AC%ED%86%B5%EB%8B%AD-BRD_20230282
노상치킨,그레이스티엔에프(주),2023,46100,36259,26,30.77,5,8,0,3년 11개월,https://jshj.net/brands/%EB%85%B8%EC%83%81%EC%B9%98%ED%82%A8-BRD_20200553
닭장수후라이드和,(주)주완푸드,2023,33420,294438,48,18.75,2,2,7,5년 10개월,https://jshj.net/brands/%EB%8B%AD%EC%9E%A5%EC%88%98%ED%9B%84%EB%9D%BC%EC%9D%B4%EB%93%9C%E5%92%8C-BRD_20180732
NAN갈비장터,(주)이임,2023,38950,0,0,,10,0,14,3년 2개월,https://jshj.net/brands/NAN%EA%B0%88%EB%B9%84%EC%9E%A5%ED%84%B0-BRD_20214635
양계장집아들,(주)양계장집아들,2023,64180,206088,51,13.73,3,0,7,8년 3개월,https://jshj.net/brands/%EC%96%91%EA%B3%84%EC%9E%A5%EC%A7%91%EC%95%84%EB%93%A4-BRD_20171499
닭강정공방,(주)제뉴인비스트로,2024,38850,178230,34,11.76,22,0,4,4년 6개월,https://jshj.net/brands/%EB%8B%AD%EA%B0%95%EC%A0%95%EA%B3%B5%EB%B0%A9-BRD_20201292
경아두마리치킨,(주)다시만난사람들,2023,28100,124546,60,26.67,5,0,16,19년 5개월,https://jshj.net/brands/%EA%B2%BD%EC%95%84%EB%91%90%EB%A7%88%EB%A6%AC%EC%B9%98%ED%82%A8-BRD_20090500007
추닭집,패밀리에프엔씨,2023,35760,161285,30,16.67,1,0,5,8년 1개월,https://jshj.net/brands/%EC%B6%94%EB%8B%AD%EC%A7%91-BRD_20180413
짱닭치킨,(주)푸드지니어스,2023,38015,347149,46,21.74,5,0,10,11년 9개월,https://jshj.net/brands/%EC%A7%B1%EB%8B%AD%EC%B9%98%ED%82%A8-BRD_20110100528
프랑킨 바베큐치킨,(주)더윈썸,2024,49116,233219,38,23.68,14,0,9,3년 6개월,https://jshj.net/brands/%ED%94%84%EB%9E%91%ED%82%A8%20%EB%B0%94%EB%B2%A0%ED%81%90%EC%B9%98%ED%82%A8-BRD_20211703
다가치통닭,(주)다가치,2023,41750,0,0,,5,0,9,4년 1개월,https://jshj.net/brands/%EB%8B%A4%EA%B0%80%EC%B9%98%ED%86%B5%EB%8B%AD-BRD_20200774
치킨뱅이,(주)인피트리,2023,25650,268757,42,16.67,0,0,7,22년 5개월,https://jshj.net/brands/%EC%B9%98%ED%82%A8%EB%B1%85%EC%9D%B4-BRD_20080100393
불아더 숯불바베큐,(주)맨즈키친,2023,48360,274083,14,7.14,10,0,1,3년 2개월,https://jshj.net/brands/%EB%B6%88%EC%95%84%EB%8D%94%20%EC%88%AF%EB%B6%88%EB%B0%94%EB%B2%A0%ED%81%90-BRD_20220745
철인7호,(주)철인에프앤비,2023,69650,185934,57,45.61,11,0,26,10년 7개월,https://jshj.net/brands/%EC%B2%A0%EC%9D%B87%ED%98%B8-BRD_20150477
한앤둘치킨,(주)더콥,2024,78011,157311,29,20.69,5,6,0,15년 6개월,https://jshj.net/brands/%ED%95%9C%EC%95%A4%EB%91%98%EC%B9%98%ED%82%A8-BRD_20090100577
감탄계숯불치킨,원앤원(주),2023,114418,495846,9,11.11,10,1,0,2년 4개월,https://jshj.net/brands/%EA%B0%90%ED%83%84%EA%B3%84%EC%88%AF%EB%B6%88%EC%B9%98%ED%82%A8-BRD_20201630
만년닭강정,(주)만년푸드,2023,51050,403107,28,35.71,7,0,10,7년 6개월,https://jshj.net/brands/%EB%A7%8C%EB%85%84%EB%8B%AD%EA%B0%95%EC%A0%95-BRD_20160892
지랄닭발,(주)더기푸드,2023,58300,342670,39,5.13,1,0,2,5년 2개월,https://jshj.net/brands/%EC%A7%80%EB%9E%84%EB%8B%AD%EB%B0%9C-BRD_20190770
치밥대장숯불양념92치킨,(주)괴짜푸드컴퍼니,2023,49420,0,0,,0,0,0,3년 3개월,https://jshj.net/brands/%EC%B9%98%EB%B0%A5%EB%8C%80%EC%9E%A5%EC%88%AF%EB%B6%88%EC%96%91%EB%85%9092%EC%B9%98%ED%82%A8-BRD_20210097
야들리애,(주)제이케이글로벌,2023,124220,196570,38,13.16,15,0,5,16년 1개월,https://jshj.net/brands/%EC%95%BC%EB%93%A4%EB%A6%AC%EC%95%A0-BRD_20090100067
종국이두마리치킨,종국이두마리치킨체인본부,2023,17400,162601,43,16.28,2,7,0,21년 0개월,https://jshj.net/brands/%EC%A2%85%EA%B5%AD%EC%9D%B4%EB%91%90%EB%A7%88%EB%A6%AC%EC%B9%98%ED%82%A8-BRD_20080600013
배통,(주)배통,2023,38950,187785,25,0,23,0,0,2년 6개월,https://jshj.net/brands/%EB%B0%B0%ED%86%B5-BRD_20212206
치킨인류,(주)비에스비푸드,2023,39500,242218,36,61.11,21,2,20,3년 6개월,https://jshj.net/brands/%EC%B9%98%ED%82%A8%EC%9D%B8%EB%A5%98-BRD_20201254
천년닭강정,(주)그남자네식품,2024,48100,0,0,,0,0,0,0년 0개월,https://jshj.net/brands/%EC%B2%9C%EB%85%84%EB%8B%AD%EA%B0%95%EC%A0%95-BRD_20240072
치순이통닭,유림에프앤비(유),2023,55000,161960,27,0,7,0,0,5년 11개월,https://jshj.net/brands/%EC%B9%98%EC%88%9C%EC%9D%B4%ED%86%B5%EB%8B%AD-BRD_20180747
진미대왕통닭,베스트프랜차이즈컨설팅,2023,39300,233933,37,27.03,47,2,8,6년 4개월,https://jshj.net/brands/%EC%A7%84%EB%AF%B8%EB%8C%80%EC%99%95%ED%86%B5%EB%8B%AD-BRD_20180608
씨에프숯불바베큐치킨,(주)씨에프,2023,39050,54573,30,0,0,0,0,28년 3개월,https://jshj.net/brands/%EC%94%A8%EC%97%90%ED%94%84%EC%88%AF%EB%B6%88%EB%B0%94%EB%B2%A0%ED%81%90%EC%B9%98%ED%82%A8-BRD_20080200112
오부장치킨,(주)본에스디코리아,2023,29100,178505,32,12.5,2,1,3,8년 11개월,https://jshj.net/brands/%EC%98%A4%EB%B6%80%EC%9E%A5%EC%B9%98%ED%82%A8-BRD_20150724
신화불닭발,신화,2023,54900,0,29,0,4,0,0,4년 5개월,https://jshj.net/brands/%EC%8B%A0%ED%99%94%EB%B6%88%EB%8B%AD%EB%B0%9C-BRD_20191266
아이벗 치킨,아이프랜드,2023,37200,169222,35,14.29,3,0,5,9년 5개월,https://jshj.net/brands/%EC%95%84%EC%9D%B4%EB%B2%97%20%EC%B9%98%ED%82%A8-BRD_20141157
허갈닭강정,(주)유성에프앤비,2023,19300,67123,37,21.62,0,0,8,6년 1개월,https://jshj.net/brands/%ED%97%88%EA%B0%88%EB%8B%AD%EA%B0%95%EC%A0%95-BRD_20180793
당신은지금치킨이땡긴다,(주)바이포엠에프앤티(BY4MFNTCorp.),2023,86960,141159,84,28.57,50,0,24,3년 1개월,https://jshj.net/brands/%EB%8B%B9%EC%8B%A0%EC%9D%80%EC%A7%80%EA%B8%88%EC%B9%98%ED%82%A8%EC%9D%B4%EB%95%A1%EA%B8%B4%EB%8B%A4-BRD_20211217
화르화르,(주)에이치브라더스,2023,28000,0,27,0,0,0,0,11년 11개월,https://jshj.net/brands/%ED%99%94%EB%A5%B4%ED%99%94%EB%A5%B4-BRD_20120300066
치킨더홈,(주)멕시카나,2023,32160,0,0,,0,0,0,17년 0개월,https://jshj.net/brands/%EC%B9%98%ED%82%A8%EB%8D%94%ED%99%88-BRD_20080100499
무봤나촌닭,(주)무촌식품,2023,77010,359972,31,12.9,5,0,4,21년 1개월,https://jshj.net/brands/%EB%AC%B4%EB%B4%A4%EB%82%98%EC%B4%8C%EB%8B%AD-BRD_20080300015
배달비무료치밥&제육,(주)세현에프앤비,2023,14900,0,0,,0,0,0,0년 0개월,https://jshj.net/brands/%EB%B0%B0%EB%8B%AC%EB%B9%84%EB%AC%B4%EB%A3%8C%EC%B9%98%EB%B0%A5%EC%A0%9C%EC%9C%A1-BRD_20231461
순치킨,(주)인푸드,2025,,155737,16,62.5,11,0,10,,https://jshj.net/brands/%EC%88%9C%EC%B9%98%ED%82%A8-BRD_20200381
새우치킨덤,도움,2024,30800,71453,37,54.05,8,18,2,3년 3개월,https://jshj.net/brands/%EC%83%88%EC%9A%B0%EC%B9%98%ED%82%A8%EB%8D%A4-BRD_20215448
공만치킨,(주)공만치킨,2024,67570,147688,28,0,0,0,0,5년 2개월,https://jshj.net/brands/%EA%B3%B5%EB%A7%8C%EC%B9%98%ED%82%A8-BRD_20210311
치킨멤버,닭촌축산,2023,23500,74173,26,19.23,2,5,0,10년 7개월,https://jshj.net/brands/%EC%B9%98%ED%82%A8%EB%A9%A4%EB%B2%84-BRD_20160070
인정후라이드,(주)인정메이트,2023,0,0,0,,0,0,0,0년 0개월,https://jshj.net/brands/%EC%9D%B8%EC%A0%95%ED%9B%84%EB%9D%BC%EC%9D%B4%EB%93%9C-BRD_20230590
쌍둥이숯불두마리치킨,숯불치킨전문기업투엘,2023,23280,254163,17,0,17,0,0,2년 1개월,https://jshj.net/brands/%EC%8C%8D%EB%91%A5%EC%9D%B4%EC%88%AF%EB%B6%88%EB%91%90%EB%A7%88%EB%A6%AC%EC%B9%98%ED%82%A8-BRD_20220395
치교치킨,(주)아이언가이즈,,,,,,,,,,https://jshj.net/brands/%EC%B9%98%EA%B5%90%EC%B9%98%ED%82%A8-BRD_20200505
또또닭강정,(주)홈앤치킨,2023,17200,169242,22,27.27,4,6,0,4년 7개월,https://jshj.net/brands/%EB%98%90%EB%98%90%EB%8B%AD%EA%B0%95%EC%A0%95-BRD_20191037
꼬꼬아찌,(주)세경에프앤비,2023,42410,113687,37,27.03,2,0,10,24년 5개월,https://jshj.net/brands/%EA%BC%AC%EA%BC%AC%EC%95%84%EC%B0%8C-BRD_20190976
수셰프치킨,(주)정인,2023,34380,17936,25,20,14,0,5,3년 9개월,https://jshj.net/brands/%EC%88%98%EC%85%B0%ED%94%84%EC%B9%98%ED%82%A8-BRD_20210651
경두치,(주)위캔두잇,2024,25800,0,0,,0,0,0,0년 0개월,https://jshj.net/brands/%EA%B2%BD%EB%91%90%EC%B9%98-BRD_20240426
장터옛날통닭,(주)계주,2023,34020,75887,24,8.33,1,0,2,7년 5개월,https://jshj.net/brands/%EC%9E%A5%ED%84%B0%EC%98%9B%EB%82%A0%ED%86%B5%EB%8B%AD-BRD_20210576
밥에큐 치킨,(주)모아드림에프앤비,2024,116600,0,17,0,17,0,0,2년 2개월,https://jshj.net/brands/%EB%B0%A5%EC%97%90%ED%81%90%20%EC%B9%98%ED%82%A8-BRD_20230869
웰덤치킨,(주)푸디노에프앤디,2023,34550,96630,42,59.52,0,0,25,6년 0개월,https://jshj.net/brands/%EC%9B%B0%EB%8D%A4%EC%B9%98%ED%82%A8-BRD_20180406
못말리는파닭,그레이스티엔에프(주),,,,,,,,,,https://jshj.net/brands/%EB%AA%BB%EB%A7%90%EB%A6%AC%EB%8A%94%ED%8C%8C%EB%8B%AD-BRD_20120100595
사쿠사쿠,(주)계미락,2023,44490,244252,30,6.67,2,1,1,11년 10개월,https://jshj.net/brands/%EC%82%AC%EC%BF%A0%EC%82%AC%EC%BF%A0-BRD_20120100339
조선의 옛날통닭,제이에프앤씨,2023,44030,104591,31,6.45,3,2,0,9년 10개월,https://jshj.net/brands/%EC%A1%B0%EC%84%A0%EC%9D%98%20%EC%98%9B%EB%82%A0%ED%86%B5%EB%8B%AD-BRD_20160173
두리아,(주)두리아,2023,63490,140652,25,16,2,0,4,23년 9개월,https://jshj.net/brands/%EB%91%90%EB%A6%AC%EC%95%84-BRD_20080200002
정석닭강정,(주)정석닭강정,2023,48000,0,6,0,6,0,0,1년 7개월,https://jshj.net/brands/%EC%A0%95%EC%84%9D%EB%8B%AD%EA%B0%95%EC%A0%95-BRD_20220919
옛날장터치킨,(주)씨드트리,2023,28390,87513,33,12.12,0,0,4,13년 4개월,https://jshj.net/brands/%EC%98%9B%EB%82%A0%EC%9E%A5%ED%84%B0%EC%B9%98%ED%82%A8-BRD_20120100376
투가이즈(TWO GUYS),(주)티지컴퍼니,2023,47630,251269,34,23.53,8,2,6,8년 4개월,https://jshj.net/brands/%ED%88%AC%EA%B0%80%EC%9D%B4%EC%A6%88(TWO%20GUYS)-BRD_20181303
계혁명,(주)지니푸드,2025,,134910,22,22.73,17,0,5,,https://jshj.net/brands/%EA%B3%84%ED%98%81%EB%AA%85-BRD_20230114
이나닭강정,이나푸드,2023,59100,247817,8,12.5,1,0,1,3년 2개월,https://jshj.net/brands/%EC%9D%B4%EB%82%98%EB%8B%AD%EA%B0%95%EC%A0%95-BRD_20211538
전기구이 이한량통닭,한량통닭보라본점,2023,34750,146736,12,0,12,0,0,2년 1개월,https://jshj.net/brands/%EC%A0%84%EA%B8%B0%EA%B5%AC%EC%9D%B4%20%EC%9D%B4%ED%95%9C%EB%9F%89%ED%86%B5%EB%8B%AD-BRD_20220668
치킨주막,(주)신미푸드,2023,49500,0,0,,0,0,0,15년 1개월,https://jshj.net/brands/%EC%B9%98%ED%82%A8%EC%A3%BC%EB%A7%89-BRD_20090100471
후켄통통치킨,(주)후켄,2024,85680,0,0,,0,0,0,0년 9개월,https://jshj.net/brands/%ED%9B%84%EC%BC%84%ED%86%B5%ED%86%B5%EC%B9%98%ED%82%A8-BRD_20240609
조선CH.S치킨,(주)씨에스,2023,11500,131990,22,13.64,3,0,3,21년 1개월,https://jshj.net/brands/%EC%A1%B0%EC%84%A0CH.S%EC%B9%98%ED%82%A8-BRD_20080400017
온고지신 통닭원,민푸드,2024,28500,0,0,,0,0,0,6년 9개월,https://jshj.net/brands/%EC%98%A8%EA%B3%A0%EC%A7%80%EC%8B%A0%20%ED%86%B5%EB%8B%AD%EC%9B%90-BRD_20180167
퐁닭,아임퐁닭(주),2024,40950,14992,20,45,11,0,9,2년 10개월,https://jshj.net/brands/%ED%90%81%EB%8B%AD-BRD_20211810
오늘치킨완료,도움,2023,30800,0,0,,0,0,0,0년 0개월,https://jshj.net/brands/%EC%98%A4%EB%8A%98%EC%B9%98%ED%82%A8%EC%99%84%EB%A3%8C-BRD_20231386
투존치킨,(주)나도람에프씨,2023,43330,106909,86,61.63,2,6,47,14년 1개월,https://jshj.net/brands/%ED%88%AC%EC%A1%B4%EC%B9%98%ED%82%A8-BRD_20140651
낭만장작,㈜낭만에프앤비,,,,,,,,,,https://jshj.net/brands/%EB%82%AD%EB%A7%8C%EC%9E%A5%EC%9E%91-BRD_20191414
굿킨,(주)조은에프씨,2023,46045,0,2,0,2,0,0,1년 8개월,https://jshj.net/brands/%EA%B5%BF%ED%82%A8-BRD_20220375
순살의민족,(주)더킹에프엔씨,2023,93000,221821,33,69.7,10,23,0,2년 10개월,https://jshj.net/brands/%EC%88%9C%EC%82%B4%EC%9D%98%EB%AF%BC%EC%A1%B1-BRD_20211596
돌통,(주)돌통돌아온옛날통닭,2023,14850,213382,9,0,2,0,0,3년 9개월,https://jshj.net/brands/%EB%8F%8C%ED%86%B5-BRD_20200951
징기스칸치킨,(자)징기스칸,2023,24750,37137,20,0,0,0,0,21년 8개월,https://jshj.net/brands/%EC%A7%95%EA%B8%B0%EC%8A%A4%EC%B9%B8%EC%B9%98%ED%82%A8-BRD_20100500010
김성구 의성마늘치킨,오케이푸드,2025,,159414,18,16.67,5,1,2,,https://jshj.net/brands/%EA%B9%80%EC%84%B1%EA%B5%AC%20%EC%9D%98%EC%84%B1%EB%A7%88%EB%8A%98%EC%B9%98%ED%82%A8-BRD_20150612
오빠통닭,(주)오빠통닭,2023,35546,0,2,0,2,0,0,2년 4개월,https://jshj.net/brands/%EC%98%A4%EB%B9%A0%ED%86%B5%EB%8B%AD-BRD_20220308
삼십구치킨,39치킨본부,2023,55044,66239,19,10.53,0,2,0,14년 11개월,https://jshj.net/brands/%EC%82%BC%EC%8B%AD%EA%B5%AC%EC%B9%98%ED%82%A8-BRD_20140543
치킨과 바람피자,치킨과바람피자,2023,43120,174524,32,90.63,8,2,27,6년 8개월,https://jshj.net/brands/%EC%B9%98%ED%82%A8%EA%B3%BC%20%EB%B0%94%EB%9E%8C%ED%94%BC%EC%9E%90-BRD_20171201
내가 조선의 치킨이고 맥주다,(주)조맥에프앤비,2023,109250,348093,8,0,2,0,0,4년 9개월,https://jshj.net/brands/%EB%82%B4%EA%B0%80%20%EC%A1%B0%EC%84%A0%EC%9D%98%20%EC%B9%98%ED%82%A8%EC%9D%B4%EA%B3%A0%20%EB%A7%A5%EC%A3%BC%EB%8B%A4-BRD_20201219
BRD백록담,비알디백록담,2023,55350,0,17,23.53,0,3,1,14년 1개월,https://jshj.net/brands/BRD%EB%B0%B1%EB%A1%9D%EB%8B%B4-BRD_20100600034
The맛있는파닭,(주)채움푸드,2023,13071,17634,24,8.33,16,0,2,2년 5개월,https://jshj.net/brands/The%EB%A7%9B%EC%9E%88%EB%8A%94%ED%8C%8C%EB%8B%AD-BRD_20215408
바비큐보스,(주)푸디세이,2023,81790,66968,18,22.22,0,4,0,4년 9개월,https://jshj.net/brands/%EB%B0%94%EB%B9%84%ED%81%90%EB%B3%B4%EC%8A%A4-BRD_20200327
꿀삐닭강정,(주)에스엔인더스트리,2024,43030,0,21,4.76,2,0,1,12년 11개월,https://jshj.net/brands/%EA%BF%80%EC%82%90%EB%8B%AD%EA%B0%95%EC%A0%95-BRD_20120100661
가장맛있는치킨,에이치에스푸드,2024,31900,0,5,0,5,0,0,1년 6개월,https://jshj.net/brands/%EA%B0%80%EC%9E%A5%EB%A7%9B%EC%9E%88%EB%8A%94%EC%B9%98%ED%82%A8-BRD_20201119
상문이두마리숯불양념치킨,푸드메이트,2023,28550,131719,16,43.75,1,0,7,17년 0개월,https://jshj.net/brands/%EC%83%81%EB%AC%B8%EC%9D%B4%EB%91%90%EB%A7%88%EB%A6%AC%EC%88%AF%EB%B6%88%EC%96%91%EB%85%90%EC%B9%98%ED%82%A8-BRD_20181090
하우스홀드(HOUSEHOLD),푸드피아,,,,,,,,,,https://jshj.net/brands/%ED%95%98%EC%9A%B0%EC%8A%A4%ED%99%80%EB%93%9C(HOUSEHOLD)-BRD_20080200184
꼬레랑,(주)맛나푸드,2023,87450,134840,18,11.11,0,0,2,6년 0개월,https://jshj.net/brands/%EA%BC%AC%EB%A0%88%EB%9E%91-BRD_20180722
허대구 대구통닭,(주)디티에프앤비,2023,160183,290460,24,8.33,0,2,0,12년 7개월,https://jshj.net/brands/%ED%97%88%EB%8C%80%EA%B5%AC%20%EB%8C%80%EA%B5%AC%ED%86%B5%EB%8B%AD-BRD_20120600075
치맥킹,(주)씨엠케이푸드,2023,170000,877877,7,0,1,0,0,6년 3개월,https://jshj.net/brands/%EC%B9%98%EB%A7%A5%ED%82%B9-BRD_20181324
VFC치킨파티,선진VFC,2023,13550,87439,21,33.33,1,7,0,13년 4개월,https://jshj.net/brands/VFC%EC%B9%98%ED%82%A8%ED%8C%8C%ED%8B%B0-BRD_20110600010
치킨89(치킨팔구),(주)우분트,2023,40650,138537,18,16.67,2,0,3,9년 4개월,https://jshj.net/brands/%EC%B9%98%ED%82%A889(%EC%B9%98%ED%82%A8%ED%8C%94%EA%B5%AC)-BRD_20170113
위드치킨,(주)도연에프앤비,2025,,35157,16,18.75,0,0,3,,https://jshj.net/brands/%EC%9C%84%EB%93%9C%EC%B9%98%ED%82%A8-BRD_20080200222
존슨켄터키,(주)비브라더스,2023,90550,0,16,0,0,0,0,9년 7개월,https://jshj.net/brands/%EC%A1%B4%EC%8A%A8%EC%BC%84%ED%84%B0%ED%82%A4-BRD_20140971
숯불민족,(주)국민키친,2023,107900,97455,3,0,1,0,0,3년 2개월,https://jshj.net/brands/%EC%88%AF%EB%B6%88%EB%AF%BC%EC%A1%B1-BRD_20211372
장수치킨맥주,엘케이(LK)푸드,2024,63600,0,12,0,12,0,0,1년 5개월,https://jshj.net/brands/%EC%9E%A5%EC%88%98%EC%B9%98%ED%82%A8%EB%A7%A5%EC%A3%BC-BRD_20231172
청년숯불두마리치킨,청년숯불두마리치킨,2023,16950,0,3,0,3,0,0,0년 0개월,https://jshj.net/brands/%EC%B2%AD%EB%85%84%EC%88%AF%EB%B6%88%EB%91%90%EB%A7%88%EB%A6%AC%EC%B9%98%ED%82%A8-BRD_20220210
백년가마솥옛날통닭,현성식품(주),2023,36300,126083,14,71.43,1,10,0,7년 4개월,https://jshj.net/brands/%EB%B0%B1%EB%85%84%EA%B0%80%EB%A7%88%EC%86%A5%EC%98%9B%EB%82%A0%ED%86%B5%EB%8B%AD-BRD_20190336
다기몽,진F&S,2023,65350,111022,13,0,13,0,0,2년 3개월,https://jshj.net/brands/%EB%8B%A4%EA%B8%B0%EB%AA%BD-BRD_20215869
가마꿉,(주)그남자네식품,2023,65600,0,22,31.82,5,5,2,4년 5개월,https://jshj.net/brands/%EA%B0%80%EB%A7%88%EA%BF%89-BRD_20191203
그집마늘치킨&쪼닭,케이디디유통,2025,,195502,14,7.14,6,1,0,,https://jshj.net/brands/%EA%B7%B8%EC%A7%91%EB%A7%88%EB%8A%98%EC%B9%98%ED%82%A8%EC%AA%BC%EB%8B%AD-BRD_20191031
꿀마니 닭강정,(주)진성푸드,2023,53250,50859,18,22.22,0,0,4,9년 7개월,https://jshj.net/brands/%EA%BF%80%EB%A7%88%EB%8B%88%20%EB%8B%AD%EA%B0%95%EC%A0%95-BRD_20201147
맥켄치킨,(주)대한에프앤에스,2023,30600,74398,22,4.55,0,1,0,24년 9개월,https://jshj.net/brands/%EB%A7%A5%EC%BC%84%EC%B9%98%ED%82%A8-BRD_20080200039
정성숯불두마리치킨,(주)정성앤푸드,2024,40180,447000,12,0,10,0,0,2년 9개월,https://jshj.net/brands/%EC%A0%95%EC%84%B1%EC%88%AF%EB%B6%88%EB%91%90%EB%A7%88%EB%A6%AC%EC%B9%98%ED%82%A8-BRD_20220135
치킨삼파전,이온유통,2023,28620,31734,20,15,2,0,3,14년 1개월,https://jshj.net/brands/%EC%B9%98%ED%82%A8%EC%82%BC%ED%8C%8C%EC%A0%84-BRD_20100300010
파-닭에파무쳐,에스엠푸드(주),2023,20900,90215,17,23.53,0,3,1,16년 4개월,https://jshj.net/brands/%ED%8C%8C-%EB%8B%AD%EC%97%90%ED%8C%8C%EB%AC%B4%EC%B3%90-BRD_20090600075
찌웅이네숯불두마리치킨,웅스키친,2023,30300,492786,10,20,7,0,2,3년 4개월,https://jshj.net/brands/%EC%B0%8C%EC%9B%85%EC%9D%B4%EB%84%A4%EC%88%AF%EB%B6%88%EB%91%90%EB%A7%88%EB%A6%AC%EC%B9%98%ED%82%A8-BRD_20212147
왕초바베큐,(주)모다플레이스,2024,73370,0,0,,0,0,0,0년 0개월,https://jshj.net/brands/%EC%99%95%EC%B4%88%EB%B0%94%EB%B2%A0%ED%81%90-BRD_20240018
시골숯불치킨,시골식품,2023,27630,111850,21,14.29,1,0,3,21년 7개월,https://jshj.net/brands/%EC%8B%9C%EA%B3%A8%EC%88%AF%EB%B6%88%EC%B9%98%ED%82%A8-BRD_20210247
chick by chick(칙바이칙),(주)에프엔어니스티,2023,129850,0,3,0,3,0,0,1년 10개월,https://jshj.net/brands/chick%20by%20chick(%EC%B9%99%EB%B0%94%EC%9D%B4%EC%B9%99)-BRD_20212342
신예원닭강정,예원푸드,2023,36372,88087,11,18.18,0,0,2,3년 3개월,https://jshj.net/brands/%EC%8B%A0%EC%98%88%EC%9B%90%EB%8B%AD%EA%B0%95%EC%A0%95-BRD_20210185
뚝방닭구이,(주)스탠드업에프앤비,2024,114100,390341,19,26.32,15,5,0,2년 5개월,https://jshj.net/brands/%EB%9A%9D%EB%B0%A9%EB%8B%AD%EA%B5%AC%EC%9D%B4-BRD_20210238
피치타임,(주)엘에이치지,2023,29551,0,3,33.33,2,1,0,4년 10개월,https://jshj.net/brands/%ED%94%BC%EC%B9%98%ED%83%80%EC%9E%84-BRD_20190704
올마이티키친,올마이티키친㈜,2023,44890,28472,6,50,0,0,3,3년 10개월,https://jshj.net/brands/%EC%98%AC%EB%A7%88%EC%9D%B4%ED%8B%B0%ED%82%A4%EC%B9%9C-BRD_20211311
통닭연구소,(주)에스엔푸드,2024,52215,247647,15,0,4,0,0,4년 2개월,https://jshj.net/brands/%ED%86%B5%EB%8B%AD%EC%97%B0%EA%B5%AC%EC%86%8C-BRD_20241567
치킨파머스,금화식품(주),2023,59320,360391,4,0,1,0,0,4년 1개월,https://jshj.net/brands/%EC%B9%98%ED%82%A8%ED%8C%8C%EB%A8%B8%EC%8A%A4-BRD_20201175
치킨히어로,(주)티오엘드림,2024,52200,109661,15,6.67,0,0,1,13년 5개월,https://jshj.net/brands/%EC%B9%98%ED%82%A8%ED%9E%88%EC%96%B4%EB%A1%9C-BRD_20120100268
튀김장인,(주)호현에프앤비,2024,56150,0,0,,0,0,0,0년 0개월,https://jshj.net/brands/%ED%8A%80%EA%B9%80%EC%9E%A5%EC%9D%B8-BRD_20214524
칠칠켄터키,(주)텐퍼센트커피,,,,,,,,,,https://jshj.net/brands/%EC%B9%A0%EC%B9%A0%EC%BC%84%ED%84%B0%ED%82%A4-BRD_20120300101
치요남치킨,(주)한송에프에스,2023,33000,159174,19,205.26,2,8,31,6년 3개월,https://jshj.net/brands/%EC%B9%98%EC%9A%94%EB%82%A8%EC%B9%98%ED%82%A8-BRD_20180420
닭가대표,(주)비엠에프앤비,2024,50700,228944,10,40,5,0,4,4년 0개월,https://jshj.net/brands/%EB%8B%AD%EA%B0%80%EB%8C%80%ED%91%9C-BRD_20211144
One&Two깻잎두마리치킨,흥성에프디,2023,29270,52264,24,41.67,1,10,0,5년 4개월,https://jshj.net/brands/OneTwo%EA%B9%BB%EC%9E%8E%EB%91%90%EB%A7%88%EB%A6%AC%EC%B9%98%ED%82%A8-BRD_20190063
큰손1치킨2피자,(주)큰손에프씨,2023,65600,258014,9,0,8,0,0,2년 6개월,https://jshj.net/brands/%ED%81%B0%EC%86%901%EC%B9%98%ED%82%A82%ED%94%BC%EC%9E%90-BRD_20214093
국민마늘치킨,국민마늘치킨본부,2023,41150,336591,14,35.71,11,3,2,4년 11개월,https://jshj.net/brands/%EA%B5%AD%EB%AF%BC%EB%A7%88%EB%8A%98%EC%B9%98%ED%82%A8-BRD_20190675
더썬치킨,지오디,2023,45665,106673,12,0,1,0,0,8년 6개월,https://jshj.net/brands/%EB%8D%94%EC%8D%AC%EC%B9%98%ED%82%A8-BRD_20151196
김삿갓통닭,(주)공감,2023,54700,277605,13,23.08,0,3,0,5년 8개월,https://jshj.net/brands/%EA%B9%80%EC%82%BF%EA%B0%93%ED%86%B5%EB%8B%AD-BRD_20200217
87닭강정,팔칠(87')닭강정,2023,38500,0,0,,0,0,0,8년 4개월,https://jshj.net/brands/87%EB%8B%AD%EA%B0%95%EC%A0%95-BRD_20150769
맛있게매운(빨석구)빨간석쇠구이,장인푸드,2024,46450,0,0,,0,0,0,9년 11개월,https://jshj.net/brands/%EB%A7%9B%EC%9E%88%EA%B2%8C%EB%A7%A4%EC%9A%B4(%EB%B9%A8%EC%84%9D%EA%B5%AC)%EB%B9%A8%EA%B0%84%EC%84%9D%EC%87%A0%EA%B5%AC%EC%9D%B4-BRD_20150476
쌀쌀맞은닭,알곡푸드(주),2024,85840,210094,11,36.36,1,0,4,10년 6개월,https://jshj.net/brands/%EC%8C%80%EC%8C%80%EB%A7%9E%EC%9D%80%EB%8B%AD-BRD_20140884
부뚜막치킨,(주)케이더블유프랜차이즈,2023,12450,85434,10,20,0,0,2,11년 7개월,https://jshj.net/brands/%EB%B6%80%EB%9A%9C%EB%A7%89%EC%B9%98%ED%82%A8-BRD_20130100296
치킨퐁,(주)비어프랜드,2023,103462,174498,12,8.33,0,0,1,15년 10개월,https://jshj.net/brands/%EC%B9%98%ED%82%A8%ED%90%81-BRD_20080500030
굽는치킨,계산씨케이,2023,14520,52940,13,0,0,0,0,17년 6개월,https://jshj.net/brands/%EA%B5%BD%EB%8A%94%EC%B9%98%ED%82%A8-BRD_20080200128
비비닭강정,비비 닭강정,,,,,,,,,,https://jshj.net/brands/%EB%B9%84%EB%B9%84%EB%8B%AD%EA%B0%95%EC%A0%95-BRD_20241740
오늘닭강정,(주)로희,2023,29700,205481,7,0,1,0,0,3년 5개월,https://jshj.net/brands/%EC%98%A4%EB%8A%98%EB%8B%AD%EA%B0%95%EC%A0%95-BRD_20201639
후라이드바삭킹,도움,2023,30800,119959,14,85.71,3,11,1,5년 4개월,https://jshj.net/brands/%ED%9B%84%EB%9D%BC%EC%9D%B4%EB%93%9C%EB%B0%94%EC%82%AD%ED%82%B9-BRD_20190016
처갓집플러스케이준치킨,(주)한국일오삼,2023,31250,263629,10,0,0,0,0,17년 11개월,https://jshj.net/brands/%EC%B2%98%EA%B0%93%EC%A7%91%ED%94%8C%EB%9F%AC%EC%8A%A4%EC%BC%80%EC%9D%B4%EC%A4%80%EC%B9%98%ED%82%A8-BRD_20080200120
깜꼬치킨,위더스FC,2023,41100,25740,10,0,0,0,0,8년 8개월,https://jshj.net/brands/%EA%B9%9C%EA%BC%AC%EC%B9%98%ED%82%A8-BRD_20171191
아이러브피자&치킨,(주)더난푸드,,,,,,,,,,https://jshj.net/brands/%EC%95%84%EC%9D%B4%EB%9F%AC%EB%B8%8C%ED%94%BC%EC%9E%90%EC%B9%98%ED%82%A8-BRD_20190082
국민통닭,(주)국민스타즈,2023,34450,116819,12,33.33,1,0,4,3년 6개월,https://jshj.net/brands/%EA%B5%AD%EB%AF%BC%ED%86%B5%EB%8B%AD-BRD_20210894
DDC치킨,에스엠(SM)푸드,2025,,75788,10,0,0,0,0,,https://jshj.net/brands/DDC%EC%B9%98%ED%82%A8-BRD_20170868
더꾸닭꾸두마리치킨,더꾸닭꾸,2024,35176,0,0,,0,0,0,0년 0개월,https://jshj.net/brands/%EB%8D%94%EA%BE%B8%EB%8B%AD%EA%BE%B8%EB%91%90%EB%A7%88%EB%A6%AC%EC%B9%98%ED%82%A8-BRD_20240801
진강정,진강정,2023,44000,255773,9,11.11,3,1,0,4년 2개월,https://jshj.net/brands/%EC%A7%84%EA%B0%95%EC%A0%95-BRD_20220547
닭서방,(주)돈키오태,2023,50400,153927,9,33.33,0,3,0,4년 7개월,https://jshj.net/brands/%EB%8B%AD%EC%84%9C%EB%B0%A9-BRD_20190943
송송숯불두마리치킨,이가F&B,2023,46343,131186,11,0,11,0,0,2년 5개월,https://jshj.net/brands/%EC%86%A1%EC%86%A1%EC%88%AF%EB%B6%88%EB%91%90%EB%A7%88%EB%A6%AC%EC%B9%98%ED%82%A8-BRD_20214709
화신바베큐치킨,(주)세기에프앤에스,2023,75983,0,0,,0,0,0,1년 2개월,https://jshj.net/brands/%ED%99%94%EC%8B%A0%EB%B0%94%EB%B2%A0%ED%81%90%EC%B9%98%ED%82%A8-BRD_20221315
똥집의 달인,똥집의달인,2023,29490,113631,10,10,1,1,0,13년 1개월,https://jshj.net/brands/%EB%98%A5%EC%A7%91%EC%9D%98%20%EB%8B%AC%EC%9D%B8-BRD_20171235
본가통닭1981,(주)비오씨,2023,57000,189135,10,10,1,0,1,7년 8개월,https://jshj.net/brands/%EB%B3%B8%EA%B0%80%ED%86%B5%EB%8B%AD1981-BRD_20171207
매드후라이치킨,(주)에스씨에프,2024,67760,396258,10,20,3,0,2,14년 4개월,https://jshj.net/brands/%EB%A7%A4%EB%93%9C%ED%9B%84%EB%9D%BC%EC%9D%B4%EC%B9%98%ED%82%A8-BRD_20120100627
꺼구리치킨,(주)꺼구리푸드,2023,48000,300429,12,16.67,12,0,2,2년 6개월,https://jshj.net/brands/%EA%BA%BC%EA%B5%AC%EB%A6%AC%EC%B9%98%ED%82%A8-BRD_20212869
아침닭,(주)홈앤치킨,2023,17200,119016,9,22.22,0,2,0,8년 4개월,https://jshj.net/brands/%EC%95%84%EC%B9%A8%EB%8B%AD-BRD_20160660
수찜닭,수F&B,2023,51700,249643,13,15.38,2,0,2,4년 10개월,https://jshj.net/brands/%EC%88%98%EC%B0%9C%EB%8B%AD-BRD_20210168
꿀닭,(주)푸디세이,2023,50750,54535,10,70,0,7,0,12년 1개월,https://jshj.net/brands/%EA%BF%80%EB%8B%AD-BRD_20120100157
치킨고래,(주)BTK,2024,48750,0,0,,0,0,0,0년 0개월,https://jshj.net/brands/%EC%B9%98%ED%82%A8%EA%B3%A0%EB%9E%98-BRD_20240541
찐불이 찐숯불 두마리 치킨,찐불이찐숯불두마리치킨,2024,68100,0,0,,0,0,0,0년 9개월,https://jshj.net/brands/%EC%B0%90%EB%B6%88%EC%9D%B4%20%EC%B0%90%EC%88%AF%EB%B6%88%20%EB%91%90%EB%A7%88%EB%A6%AC%20%EC%B9%98%ED%82%A8-BRD_20240607
더기발한치킨(The기발한치킨),(주)더기발한,2023,74300,156280,12,66.67,0,0,8,12년 11개월,https://jshj.net/brands/%EB%8D%94%EA%B8%B0%EB%B0%9C%ED%95%9C%EC%B9%98%ED%82%A8(The%EA%B8%B0%EB%B0%9C%ED%95%9C%EC%B9%98%ED%82%A8)-BRD_20110100457
잉치킨,사재,2024,65100,299793,9,44.44,0,0,4,8년 8개월,https://jshj.net/brands/%EC%9E%89%EC%B9%98%ED%82%A8-BRD_20190348
치킨의민족,(주)청연에프앤비,2023,50900,125121,23,82.61,5,6,13,5년 6개월,https://jshj.net/brands/%EC%B9%98%ED%82%A8%EC%9D%98%EB%AF%BC%EC%A1%B1-BRD_20181268
몽두마리치킨,갓몽,2023,51700,0,8,0,7,0,0,2년 8개월,https://jshj.net/brands/%EB%AA%BD%EB%91%90%EB%A7%88%EB%A6%AC%EC%B9%98%ED%82%A8-BRD_20212908
문진옥 숯불바베큐치킨,문진옥숯불바베큐치킨,2023,44250,138143,8,12.5,2,0,1,6년 0개월,https://jshj.net/brands/%EB%AC%B8%EC%A7%84%EC%98%A5%20%EC%88%AF%EB%B6%88%EB%B0%94%EB%B2%A0%ED%81%90%EC%B9%98%ED%82%A8-BRD_20200026
김종용누룽지통닭,(주)유앤아이레시피,2023,93550,458578,8,25,0,0,2,8년 7개월,https://jshj.net/brands/%EA%B9%80%EC%A2%85%EC%9A%A9%EB%88%84%EB%A3%BD%EC%A7%80%ED%86%B5%EB%8B%AD-BRD_20151090
치킨선생,(주)정성담다,2023,40940,279764,17,29.41,1,0,5,6년 6개월,https://jshj.net/brands/%EC%B9%98%ED%82%A8%EC%84%A0%EC%83%9D-BRD_20181113
고려통닭,(주)엘에이치지,2023,118600,0,0,,0,0,0,0년 0개월,https://jshj.net/brands/%EA%B3%A0%EB%A0%A4%ED%86%B5%EB%8B%AD-BRD_20200266
똥집대통령,똥집대통령,2023,74050,0,1,0,0,0,0,12년 8개월,https://jshj.net/brands/%EB%98%A5%EC%A7%91%EB%8C%80%ED%86%B5%EB%A0%B9-BRD_20231474
블레드,비알디컴퍼니(주),2023,32900,48535,21,52.38,1,6,5,4년 6개월,https://jshj.net/brands/%EB%B8%94%EB%A0%88%EB%93%9C-BRD_20200582
닭봉씨치즈순살두마리치킨,계산씨케이,2023,48100,52778,10,0,10,0,0,3년 7개월,https://jshj.net/brands/%EB%8B%AD%EB%B4%89%EC%94%A8%EC%B9%98%EC%A6%88%EC%88%9C%EC%82%B4%EB%91%90%EB%A7%88%EB%A6%AC%EC%B9%98%ED%82%A8-BRD_20212265
조커닭 (Jokerdark),(주)코코브릿지,2023,149300,0,6,100,1,0,6,6년 3개월,https://jshj.net/brands/%EC%A1%B0%EC%BB%A4%EB%8B%AD%20(Jokerdark)-BRD_20180779
지붕위에,지원푸드,2023,38850,49810,9,0,1,0,0,13년 5개월,https://jshj.net/brands/%EC%A7%80%EB%B6%95%EC%9C%84%EC%97%90-BRD_20100600072
독가마 숯불치킨,나라푸드서비스,2023,47100,120895,8,0,2,0,0,6년 10개월,https://jshj.net/brands/%EB%8F%85%EA%B0%80%EB%A7%88%20%EC%88%AF%EB%B6%88%EC%B9%98%ED%82%A8-BRD_20170941
더바스켓,(주)아임큐,2025,,242554,8,0,1,0,0,,https://jshj.net/brands/%EB%8D%94%EB%B0%94%EC%8A%A4%EC%BC%93-BRD_20170731
대한맥주집,대한컴퍼니,2023,88000,157011,8,0,1,0,0,8년 3개월,https://jshj.net/brands/%EB%8C%80%ED%95%9C%EB%A7%A5%EC%A3%BC%EC%A7%91-BRD_20170436
별컵맥주,(주)더블류스텔라,2023,92000,0,2,0,2,0,0,2년 1개월,https://jshj.net/brands/%EB%B3%84%EC%BB%B5%EB%A7%A5%EC%A3%BC-BRD_20220429
원앤투깻잎두마리치킨,(주)도한식품,2024,29270,0,0,,0,0,0,0년 0개월,https://jshj.net/brands/%EC%9B%90%EC%95%A4%ED%88%AC%EA%B9%BB%EC%9E%8E%EB%91%90%EB%A7%88%EB%A6%AC%EC%B9%98%ED%82%A8-BRD_20214408
육터닭,요리하는당신요당,2024,29950,192292,7,28.57,2,0,2,3년 11개월,https://jshj.net/brands/%EC%9C%A1%ED%84%B0%EB%8B%AD-BRD_20210843
안심치킨,(주)엘에이치지,2023,106950,118830,10,90,0,9,0,8년 2개월,https://jshj.net/brands/%EC%95%88%EC%8B%AC%EC%B9%98%ED%82%A8-BRD_20160714
봉구통닭,보고싶다(주),2023,110336,170896,16,56.25,0,9,0,4년 8개월,https://jshj.net/brands/%EB%B4%89%EA%B5%AC%ED%86%B5%EB%8B%AD-BRD_20190933
김진철동래통닭,(주)태진에프앤디,2023,84380,128602,11,27.27,0,3,0,11년 10개월,https://jshj.net/brands/%EA%B9%80%EC%A7%84%EC%B2%A0%EB%8F%99%EB%9E%98%ED%86%B5%EB%8B%AD-BRD_20150064
MZ세대 떡볶이치킨,더씨푸드,2025,,265416,7,0,3,0,0,,https://jshj.net/brands/MZ%EC%84%B8%EB%8C%80%20%EB%96%A1%EB%B3%B6%EC%9D%B4%EC%B9%98%ED%82%A8-BRD_20241595
치몬치킨,(주)행복한형제들,2023,42630,219296,10,20,2,0,2,4년 4개월,https://jshj.net/brands/%EC%B9%98%EB%AA%AC%EC%B9%98%ED%82%A8-BRD_20200211
강정이기가막혀,(주)푸디노에프앤디,2023,38660,107047,11,0,5,0,0,16년 2개월,https://jshj.net/brands/%EA%B0%95%EC%A0%95%EC%9D%B4%EA%B8%B0%EA%B0%80%EB%A7%89%ED%98%80-BRD_20080100031
치르치르,리치푸드(주),2023,115740,983231,6,50,0,0,3,13년 4개월,https://jshj.net/brands/%EC%B9%98%EB%A5%B4%EC%B9%98%EB%A5%B4-BRD_20110100042
마슬랜,마슬랜,2023,43700,137930,12,16.67,0,0,2,13년 11개월,https://jshj.net/brands/%EB%A7%88%EC%8A%AC%EB%9E%9C-BRD_20110500042
맛데이,(주)엘에이치지,2023,74500,56739,6,0,0,0,0,15년 7개월,https://jshj.net/brands/%EB%A7%9B%EB%8D%B0%EC%9D%B4-BRD_20090100258
코만도,(주)제이에스푸드,2025,,0,6,0,0,0,0,,https://jshj.net/brands/%EC%BD%94%EB%A7%8C%EB%8F%84-BRD_20080100325
닭권브이,㈜대원푸드시스템농업회사법인,2025,,22459,6,16.67,0,0,1,,https://jshj.net/brands/%EB%8B%AD%EA%B6%8C%EB%B8%8C%EC%9D%B4-BRD_20100100093
꿀딱,(주)케이원푸드,2023,36770,0,3,33.33,0,0,1,12년 2개월,https://jshj.net/brands/%EA%BF%80%EB%94%B1-BRD_20120400048
부여통닭,(주)에카,2023,40110,161618,9,77.78,1,0,7,7년 11개월,https://jshj.net/brands/%EB%B6%80%EC%97%AC%ED%86%B5%EB%8B%AD-BRD_20160955
예술치킨(artchicken),경아식당청천점,2024,32350,453162,4,25,2,0,1,8년 8개월,https://jshj.net/brands/%EC%98%88%EC%88%A0%EC%B9%98%ED%82%A8(artchicken)-BRD_20160991
닭꾸버 숯불양념치킨,(주)케이디엔푸드,2023,24450,171818,12,33.33,3,0,4,6년 10개월,https://jshj.net/brands/%EB%8B%AD%EA%BE%B8%EB%B2%84%20%EC%88%AF%EB%B6%88%EC%96%91%EB%85%90%EC%B9%98%ED%82%A8-BRD_20170829
명동닭튀김,먹스타브라더스,2023,72346,146601,9,100,1,0,9,6년 5개월,https://jshj.net/brands/%EB%AA%85%EB%8F%99%EB%8B%AD%ED%8A%80%EA%B9%80-BRD_20171314
꼬꼬뽀끼,에스에스엠푸드,2024,55800,123091,12,8.33,0,1,0,4년 4개월,https://jshj.net/brands/%EA%BC%AC%EA%BC%AC%EB%BD%80%EB%81%BC-BRD_20201534
나는자연닭이다,(주)별에프앤비,2023,36750,50502,10,20,9,0,2,2년 11개월,https://jshj.net/brands/%EB%82%98%EB%8A%94%EC%9E%90%EC%97%B0%EB%8B%AD%EC%9D%B4%EB%8B%A4-BRD_20210674
직화불패 바베큐치킨,리치애프앤비,2023,60300,0,0,,0,0,0,0년 0개월,https://jshj.net/brands/%EC%A7%81%ED%99%94%EB%B6%88%ED%8C%A8%20%EB%B0%94%EB%B2%A0%ED%81%90%EC%B9%98%ED%82%A8-BRD_20212126
그램치킨,영화로울,2023,51950,0,0,,0,0,0,0년 0개월,https://jshj.net/brands/%EA%B7%B8%EB%9E%A8%EC%B9%98%ED%82%A8-BRD_20213369
이선생맥주,(주)엔에이치에프,2023,75600,0,0,,0,0,0,0년 0개월,https://jshj.net/brands/%EC%9D%B4%EC%84%A0%EC%83%9D%EB%A7%A5%EC%A3%BC-BRD_20214344
롸버트치킨,(주)로보아르테,2023,51053,0,1,0,1,0,0,1년 7개월,https://jshj.net/brands/%EB%A1%B8%EB%B2%84%ED%8A%B8%EC%B9%98%ED%82%A8-BRD_20220524
팔도통닭,팔도FC,2023,48090,0,0,,0,0,0,0년 0개월,https://jshj.net/brands/%ED%8C%94%EB%8F%84%ED%86%B5%EB%8B%AD-BRD_20221276
이집닭강정잘하네,이집닭강정잘하네,2024,46000,0,0,,0,0,0,2년 3개월,https://jshj.net/brands/%EC%9D%B4%EC%A7%91%EB%8B%AD%EA%B0%95%EC%A0%95%EC%9E%98%ED%95%98%EB%84%A4-BRD_20240127
금강튀김,(주)봄날엔에프앤에스,2024,43800,0,0,,0,0,0,0년 10개월,https://jshj.net/brands/%EA%B8%88%EA%B0%95%ED%8A%80%EA%B9%80-BRD_20240577
옛날통닭참맛있는집,옛날통닭참맛있는집,2024,54800,180000,6,0,2,0,0,3년 6개월,https://jshj.net/brands/%EC%98%9B%EB%82%A0%ED%86%B5%EB%8B%AD%EC%B0%B8%EB%A7%9B%EC%9E%88%EB%8A%94%EC%A7%91-BRD_20240579
덤브치킨,(주)윤푸드,2024,45350,0,0,,0,0,0,0년 0개월,https://jshj.net/brands/%EB%8D%A4%EB%B8%8C%EC%B9%98%ED%82%A8-BRD_20240891
닭갈비클라쓰,(주)필드키친,2023,38200,42944,18,100,3,0,18,4년 7개월,https://jshj.net/brands/%EB%8B%AD%EA%B0%88%EB%B9%84%ED%81%B4%EB%9D%BC%EC%93%B0-BRD_20190883
빛고을닭강정,더빛고을푸드,2023,72100,0,5,0,2,0,0,3년 6개월,https://jshj.net/brands/%EB%B9%9B%EA%B3%A0%EC%9D%84%EB%8B%AD%EA%B0%95%EC%A0%95-BRD_20201264
순살싸다리,(주)바름,,,,,,,,,,https://jshj.net/brands/%EC%88%9C%EC%82%B4%EC%8B%B8%EB%8B%A4%EB%A6%AC-BRD_20212650
남문통닭,㈜남문이터테인먼트,2025,,520039,5,80,2,2,2,,https://jshj.net/brands/%EB%82%A8%EB%AC%B8%ED%86%B5%EB%8B%AD-BRD_20210192
햇살치킨,(주)햇살,2023,73150,172977,9,22.22,0,0,2,3년 7개월,https://jshj.net/brands/%ED%96%87%EC%82%B4%EC%B9%98%ED%82%A8-BRD_20201218
야채전문통닭,야채통닭가맹본부,2023,45550,0,0,,0,0,0,0년 0개월,https://jshj.net/brands/%EC%95%BC%EC%B1%84%EC%A0%84%EB%AC%B8%ED%86%B5%EB%8B%AD-BRD_20210305
치킨176℃,제이스퀘어푸드,2023,35100,207565,6,0,2,0,0,3년 5개월,https://jshj.net/brands/%EC%B9%98%ED%82%A8176%E2%84%83-BRD_20201676
불촌두마리치킨,신미푸드시스템,2023,26650,74538,10,10,0,1,0,21년 3개월,https://jshj.net/brands/%EB%B6%88%EC%B4%8C%EB%91%90%EB%A7%88%EB%A6%AC%EC%B9%98%ED%82%A8-BRD_20080300042
소담치킨,(주)정성푸드마스타,2023,58300,128481,7,14.29,0,0,1,12년 3개월,https://jshj.net/brands/%EC%86%8C%EB%8B%B4%EC%B9%98%ED%82%A8-BRD_20120100108
수상한맥주&치킨,제이에이치유통,2023,79000,0,0,,0,0,0,1년 4개월,https://jshj.net/brands/%EC%88%98%EC%83%81%ED%95%9C%EB%A7%A5%EC%A3%BC%EC%B9%98%ED%82%A8-BRD_20231665
찐도리도리닭도리,제이와이컴퍼니,2023,31850,124315,8,100,0,8,0,4년 9개월,https://jshj.net/brands/%EC%B0%90%EB%8F%84%EB%A6%AC%EB%8F%84%EB%A6%AC%EB%8B%AD%EB%8F%84%EB%A6%AC-BRD_20201063
아이커버거&치킨,아이커유통,2023,25750,0,4,25,0,0,1,7년 2개월,https://jshj.net/brands/%EC%95%84%EC%9D%B4%EC%BB%A4%EB%B2%84%EA%B1%B0%EC%B9%98%ED%82%A8-BRD_20170466
방방파닭,방방파닭닭발,2023,52600,0,5,0,1,0,0,5년 4개월,https://jshj.net/brands/%EB%B0%A9%EB%B0%A9%ED%8C%8C%EB%8B%AD-BRD_20220003
범프리카인생치킨,(주)비에프씨,2023,38060,242150,45,31.11,1,14,0,6년 4개월,https://jshj.net/brands/%EB%B2%94%ED%94%84%EB%A6%AC%EC%B9%B4%EC%9D%B8%EC%83%9D%EC%B9%98%ED%82%A8-BRD_20180733
영도통닭,영도통닭,2023,58200,259046,5,0,2,0,0,2년 10개월,https://jshj.net/brands/%EC%98%81%EB%8F%84%ED%86%B5%EB%8B%AD-BRD_20212050
사바사바치킨&비어,(주)마세다린,2024,52100,496908,4,25,0,0,1,1년 6개월,https://jshj.net/brands/%EC%82%AC%EB%B0%94%EC%82%AC%EB%B0%94%EC%B9%98%ED%82%A8%EB%B9%84%EC%96%B4-BRD_20080200049
치칵치칵,치칵치칵,2025,,176571,4,25,0,0,1,,https://jshj.net/brands/%EC%B9%98%EC%B9%B5%EC%B9%98%EC%B9%B5-BRD_20201111
다코기,한세에프앤비,2025,,368897,4,0,1,0,0,,https://jshj.net/brands/%EB%8B%A4%EC%BD%94%EA%B8%B0-BRD_20200938
올바른 닭강정,(주)대경축산,2023,36200,0,4,25,1,0,1,3년 9개월,https://jshj.net/brands/%EC%98%AC%EB%B0%94%EB%A5%B8%20%EB%8B%AD%EA%B0%95%EC%A0%95-BRD_20200912
도른계,(주)대한푸드,2023,86900,0,0,,0,0,0,0년 0개월,https://jshj.net/brands/%EB%8F%84%EB%A5%B8%EA%B3%84-BRD_20212724
아수라치킨,(주)바른정,2025,,0,0,,0,0,4,,https://jshj.net/brands/%EC%95%84%EC%88%98%EB%9D%BC%EC%B9%98%ED%82%A8-BRD_20200202
파닭참잘하는집,제이엠씨에프앤비,2025,,0,4,0,4,0,0,,https://jshj.net/brands/%ED%8C%8C%EB%8B%AD%EC%B0%B8%EC%9E%98%ED%95%98%EB%8A%94%EC%A7%91-BRD_20240965
순살만 1등치킨,(주)콕에프씨,2023,35150,105323,4,0,4,0,0,1년 10개월,https://jshj.net/brands/%EC%88%9C%EC%82%B4%EB%A7%8C%201%EB%93%B1%EC%B9%98%ED%82%A8-BRD_20213775
땡큐맘치킨,(주)이루에프씨,2023,49400,137130,9,33.33,1,0,3,14년 6개월,https://jshj.net/brands/%EB%95%A1%ED%81%90%EB%A7%98%EC%B9%98%ED%82%A8-BRD_20190774
가마솥옛날시골통닭,옛날시골통닭,2023,51600,0,4,0,0,0,0,6년 4개월,https://jshj.net/brands/%EA%B0%80%EB%A7%88%EC%86%A5%EC%98%9B%EB%82%A0%EC%8B%9C%EA%B3%A8%ED%86%B5%EB%8B%AD-BRD_20180898
먼치킨,㈜미트코리아,2025,,0,1,400,1,0,4,,https://jshj.net/brands/%EB%A8%BC%EC%B9%98%ED%82%A8-BRD_20215514
삼억닭강정,도움,2024,30800,0,0,,0,0,0,0년 0개월,https://jshj.net/brands/%EC%82%BC%EC%96%B5%EB%8B%AD%EA%B0%95%EC%A0%95-BRD_20215672
아맛나&연차돈,아맛나앤연차돈본점,2023,15970,145454,5,0,0,0,0,6년 3개월,https://jshj.net/brands/%EC%95%84%EB%A7%9B%EB%82%98%EC%97%B0%EC%B0%A8%EB%8F%88-BRD_20180173
그시절옛날통닭,제이에프앤씨,2024,44570,85341,5,0,0,0,0,8년 0개월,https://jshj.net/brands/%EA%B7%B8%EC%8B%9C%EC%A0%88%EC%98%9B%EB%82%A0%ED%86%B5%EB%8B%AD-BRD_20170550
팔호통닭,팔호통닭,2023,73600,0,2,0,2,0,0,0년 0개월,https://jshj.net/brands/%ED%8C%94%ED%98%B8%ED%86%B5%EB%8B%AD-BRD_20220881
만계치킨,만계치킨조대점(본점),2024,83400,0,3,0,0,0,0,11년 4개월,https://jshj.net/brands/%EB%A7%8C%EA%B3%84%EC%B9%98%ED%82%A8-BRD_20241138
836숯불바베큐치킨,팔삼육산업(주),2023,35660,135642,8,12.5,0,0,1,8년 0개월,https://jshj.net/brands/836%EC%88%AF%EB%B6%88%EB%B0%94%EB%B2%A0%ED%81%90%EC%B9%98%ED%82%A8-BRD_20161154
울통치킨,더블유(W)-푸드,2023,74600,184349,6,0,1,0,0,7년 1개월,https://jshj.net/brands/%EC%9A%B8%ED%86%B5%EC%B9%98%ED%82%A8-BRD_20161048
밤새우는 닭,(주)맛잇는회사,2023,168000,0,2,150,0,0,3,7년 7개월,https://jshj.net/brands/%EB%B0%A4%EC%83%88%EC%9A%B0%EB%8A%94%20%EB%8B%AD-BRD_20160062
대천한방통닭,대천한방통닭,2023,119700,0,0,,0,0,0,1년 3개월,https://jshj.net/brands/%EB%8C%80%EC%B2%9C%ED%95%9C%EB%B0%A9%ED%86%B5%EB%8B%AD-BRD_20230531
가마솥골목통닭,골목통닭,2023,41800,0,0,,0,0,0,0년 0개월,https://jshj.net/brands/%EA%B0%80%EB%A7%88%EC%86%A5%EA%B3%A8%EB%AA%A9%ED%86%B5%EB%8B%AD-BRD_20230765
꼬꼬무 숯불치킨,(주)정성컴퍼니,2025,,236564,6,66.67,6,0,4,,https://jshj.net/brands/%EA%BC%AC%EA%BC%AC%EB%AC%B4%20%EC%88%AF%EB%B6%88%EC%B9%98%ED%82%A8-BRD_20231095
해뜰닭,푸드삼성,2023,32305,0,4,75,0,0,3,13년 8개월,https://jshj.net/brands/%ED%95%B4%EB%9C%B0%EB%8B%AD-BRD_20140032
맥쓰(MEXX)세계치킨,(주)더블류스텔라,2023,92000,232621,5,60,0,3,0,11년 9개월,https://jshj.net/brands/%EB%A7%A5%EC%93%B0(MEXX)%EC%84%B8%EA%B3%84%EC%B9%98%ED%82%A8-BRD_20130144
또이스치킨찜닭,DH유통,2024,95800,0,4,0,0,0,0,6년 2개월,https://jshj.net/brands/%EB%98%90%EC%9D%B4%EC%8A%A4%EC%B9%98%ED%82%A8%EC%B0%9C%EB%8B%AD-BRD_20241287
의춘숯불닭갈비,의춘숯불닭갈비,2023,71730,0,4,25,0,0,1,4년 1개월,https://jshj.net/brands/%EC%9D%98%EC%B6%98%EC%88%AF%EB%B6%88%EB%8B%AD%EA%B0%88%EB%B9%84-BRD_20201614
꾼닭&꾼덕(Koondak&Koonduck),(주)일영이푸드(102FOOD),2023,112550,0,4,25,0,1,0,13년 0개월,https://jshj.net/brands/%EA%BE%BC%EB%8B%AD%EA%BE%BC%EB%8D%95(KoondakKoonduck)-BRD_20110300048
히동이치킨,히동이치킨,2024,34705,34000,4,0,3,0,0,2년 4개월,https://jshj.net/brands/%ED%9E%88%EB%8F%99%EC%9D%B4%EC%B9%98%ED%82%A8-BRD_20211097
금동이두마리치킨,금동이푸드,2023,37100,296324,3,0,0,0,0,4년 8개월,https://jshj.net/brands/%EA%B8%88%EB%8F%99%EC%9D%B4%EB%91%90%EB%A7%88%EB%A6%AC%EC%B9%98%ED%82%A8-BRD_20190243
뭐꼬뭐꼬,뭐꼬뭐꼬플러스,2023,99350,195228,3,0,0,0,0,8년 10개월,https://jshj.net/brands/%EB%AD%90%EA%BC%AC%EB%AD%90%EA%BC%AC-BRD_20190062
전기구이7호,전기구이7호,2023,38090,0,3,0,0,0,0,2년 11개월,https://jshj.net/brands/%EC%A0%84%EA%B8%B0%EA%B5%AC%EC%9D%B47%ED%98%B8-BRD_20212018
속초할매 닭강정,(주)정다함,2023,30700,0,3,0,2,0,0,0년 0개월,https://jshj.net/brands/%EC%86%8D%EC%B4%88%ED%95%A0%EB%A7%A4%20%EB%8B%AD%EA%B0%95%EC%A0%95-BRD_20215453
락스타치킨 (ROKSTAR CHICKEN),락스타치킨코리아㈜,2025,,0,1,0,1,0,0,,https://jshj.net/brands/%EB%9D%BD%EC%8A%A4%ED%83%80%EC%B9%98%ED%82%A8%20(ROKSTAR%20CHICKEN)-BRD_20201530
닭깡,네비스푸드,2025,,40782,3,100,0,3,0,,https://jshj.net/brands/%EB%8B%AD%EA%B9%A1-BRD_20180678
엠에프씨 멕시칸치킨(MFC 멕시칸치킨),나루에프엔비,2023,42100,113883,5,40,0,2,0,6년 3개월,https://jshj.net/brands/%EC%97%A0%EC%97%90%ED%94%84%EC%94%A8%20%EB%A9%95%EC%8B%9C%EC%B9%B8%EC%B9%98%ED%82%A8(MFC%20%EB%A9%95%EC%8B%9C%EC%B9%B8%EC%B9%98%ED%82%A8)-BRD_20180614
명랑한찜닭,그레이프컴퍼니(주),2023,54720,85626,29,86.21,19,0,25,7년 1개월,https://jshj.net/brands/%EB%AA%85%EB%9E%91%ED%95%9C%EC%B0%9C%EB%8B%AD-BRD_20171288
꽉찬쌀통닭,(주)채움푸드,2023,7458,0,0,,0,0,0,1년 2개월,https://jshj.net/brands/%EA%BD%89%EC%B0%AC%EC%8C%80%ED%86%B5%EB%8B%AD-BRD_20171221
동수네통닭,평리동칠리동수네통닭,2023,67980,0,1,100,0,0,1,23년 10개월,https://jshj.net/brands/%EB%8F%99%EC%88%98%EB%84%A4%ED%86%B5%EB%8B%AD-BRD_20171213
원흥닭발통닭,원흥닭발통닭,2023,46900,0,2,0,0,0,0,7년 3개월,https://jshj.net/brands/%EC%9B%90%ED%9D%A5%EB%8B%AD%EB%B0%9C%ED%86%B5%EB%8B%AD-BRD_20170364
치킨에꼬치다,치킨에꼬치다,2024,64300,0,2,0,0,0,0,3년 9개월,https://jshj.net/brands/%EC%B9%98%ED%82%A8%EC%97%90%EA%BC%AC%EC%B9%98%EB%8B%A4-BRD_20220883
농부치킨,(주)참이맛,2023,45900,161461,3,66.67,0,0,2,7년 11개월,https://jshj.net/brands/%EB%86%8D%EB%B6%80%EC%B9%98%ED%82%A8-BRD_20160699
달래고통닭 을지로골뱅이,달래고,2023,107050,0,0,,0,0,0,0년 0개월,https://jshj.net/brands/%EB%8B%AC%EB%9E%98%EA%B3%A0%ED%86%B5%EB%8B%AD%20%EC%9D%84%EC%A7%80%EB%A1%9C%EA%B3%A8%EB%B1%85%EC%9D%B4-BRD_20230511
맛초화닭,넥스트유(주),2023,43570,0,0,,0,0,0,0년 0개월,https://jshj.net/brands/%EB%A7%9B%EC%B4%88%ED%99%94%EB%8B%AD-BRD_20230589
혁계치킨,맛미르에프엔비,2024,91200,0,4,0,1,0,0,3년 7개월,https://jshj.net/brands/%ED%98%81%EA%B3%84%EC%B9%98%ED%82%A8-BRD_20210782
호호닭발,(주)제이앤엠푸드,2023,84600,0,4,0,0,0,0,10년 1개월,https://jshj.net/brands/%ED%98%B8%ED%98%B8%EB%8B%AD%EB%B0%9C-BRD_20140380
당신이선택한인생치킨,(주)케이알지,2025,,265061,3,66.67,1,0,2,,https://jshj.net/brands/%EB%8B%B9%EC%8B%A0%EC%9D%B4%EC%84%A0%ED%83%9D%ED%95%9C%EC%9D%B8%EC%83%9D%EC%B9%98%ED%82%A8-BRD_20231459
더고봉냉면앤만두,(주)올림엔터프라이즈,2024,42800,3228,3,0,3,0,0,0년 0개월,https://jshj.net/brands/%EB%8D%94%EA%B3%A0%EB%B4%89%EB%83%89%EB%A9%B4%EC%95%A4%EB%A7%8C%EB%91%90-BRD_20201080
리굼숯불치킨,어썸푸드,2023,34000,0,3,100,0,0,3,3년 0개월,https://jshj.net/brands/%EB%A6%AC%EA%B5%BC%EC%88%AF%EB%B6%88%EC%B9%98%ED%82%A8-BRD_20211036
인생치킨,미나(MINA),2023,36300,252199,5,20,4,0,1,2년 7개월,https://jshj.net/brands/%EC%9D%B8%EC%83%9D%EC%B9%98%ED%82%A8-BRD_20212288
핫게이트99치킨,(주)영성에프앤비,2023,50950,90967,9,55.56,4,0,5,4년 0개월,https://jshj.net/brands/%ED%95%AB%EA%B2%8C%EC%9D%B4%ED%8A%B899%EC%B9%98%ED%82%A8-BRD_20200916
픽스치킨(PICKS CHICKEN),픽스치킨(주),2024,63800,340826,3,0,2,0,0,2년 7개월,https://jshj.net/brands/%ED%94%BD%EC%8A%A4%EC%B9%98%ED%82%A8(PICKS%20CHICKEN)-BRD_20191310
쌍팔통닭,(주)바이럴,2024,88300,0,0,,0,0,0,0년 0개월,https://jshj.net/brands/%EC%8C%8D%ED%8C%94%ED%86%B5%EB%8B%AD-BRD_20213199
더후라이팬 후라이드 치킨,아이에스크리에이티브,2025,,100288,3,66.67,0,0,2,,https://jshj.net/brands/%EB%8D%94%ED%9B%84%EB%9D%BC%EC%9D%B4%ED%8C%AC%20%ED%9B%84%EB%9D%BC%EC%9D%B4%EB%93%9C%20%EC%B9%98%ED%82%A8-BRD_20080100399
닭사장,산골푸드,2024,35750,0,0,,0,0,0,0년 0개월,https://jshj.net/brands/%EB%8B%AD%EC%82%AC%EC%9E%A5-BRD_20240245
맛통(맛있는통닭),위더스FC,2023,41100,0,0,,0,0,0,0년 0개월,https://jshj.net/brands/%EB%A7%9B%ED%86%B5(%EB%A7%9B%EC%9E%88%EB%8A%94%ED%86%B5%EB%8B%AD)-BRD_20213527
삼계꿀치킨,돈대닥,2023,57800,0,2,50,0,0,1,3년 1개월,https://jshj.net/brands/%EC%82%BC%EA%B3%84%EA%BF%80%EC%B9%98%ED%82%A8-BRD_20213843
만수통닭,(주)만수에프앤비,2024,171500,0,2,0,0,0,0,9년 1개월,https://jshj.net/brands/%EB%A7%8C%EC%88%98%ED%86%B5%EB%8B%AD-BRD_20240427
남박사의 닭꼬치애꼬치다,닭꼬치애꼬치다,2023,65700,0,2,0,1,0,0,2년 11개월,https://jshj.net/brands/%EB%82%A8%EB%B0%95%EC%82%AC%EC%9D%98%20%EB%8B%AD%EA%BC%AC%EC%B9%98%EC%95%A0%EA%BC%AC%EC%B9%98%EB%8B%A4-BRD_20211620
젠틀닭,먹스타브라더스,2023,66900,141456,5,40,2,1,1,2년 10개월,https://jshj.net/brands/%EC%A0%A0%ED%8B%80%EB%8B%AD-BRD_20210430
올댓치킨,㈜에이티씨,2023,58800,0,0,,0,0,0,1년 4개월,https://jshj.net/brands/%EC%98%AC%EB%8C%93%EC%B9%98%ED%82%A8-BRD_20230439
직화계,(주)주완푸드,2024,64459,0,0,,0,0,0,0년 0개월,https://jshj.net/brands/%EC%A7%81%ED%99%94%EA%B3%84-BRD_20240855
꼭그닭치킨,(주)꼭그닭,2023,218950,0,1,0,0,0,0,8년 11개월,https://jshj.net/brands/%EA%BC%AD%EA%B7%B8%EB%8B%AD%EC%B9%98%ED%82%A8-BRD_20150775
아리랑88통닭,(주)영맨,2025,,1112645,2,0,2,0,0,,https://jshj.net/brands/%EC%95%84%EB%A6%AC%EB%9E%9188%ED%86%B5%EB%8B%AD-BRD_20230762
직화로바베큐치킨,(주)바이럴,2024,31900,0,1,0,1,0,0,1년 3개월,https://jshj.net/brands/%EC%A7%81%ED%99%94%EB%A1%9C%EB%B0%94%EB%B2%A0%ED%81%90%EC%B9%98%ED%82%A8-BRD_20213201
놀부옛날통닭,(주)놀부,2023,69934,56456,13,92.31,1,12,0,8년 10개월,https://jshj.net/brands/%EB%86%80%EB%B6%80%EC%98%9B%EB%82%A0%ED%86%B5%EB%8B%AD-BRD_20150519
미미찜닭,미미찜닭,2023,47200,0,2,0,0,0,0,5년 1개월,https://jshj.net/brands/%EB%AF%B8%EB%AF%B8%EC%B0%9C%EB%8B%AD-BRD_20210820
솥뚜껑바베큐통닭,(주)시원전설의푸드,2023,50950,0,5,0,0,0,0,4년 10개월,https://jshj.net/brands/%EC%86%A5%EB%9A%9C%EA%BB%91%EB%B0%94%EB%B2%A0%ED%81%90%ED%86%B5%EB%8B%AD-BRD_20190581
동네아저씨치킨앤동아전,영맨푸드,2024,28600,0,2,50,0,0,1,10년 10개월,https://jshj.net/brands/%EB%8F%99%EB%84%A4%EC%95%84%EC%A0%80%EC%94%A8%EC%B9%98%ED%82%A8%EC%95%A4%EB%8F%99%EC%95%84%EC%A0%84-BRD_20140289
닭강점,닭강점(주),2023,51750,0,0,,0,0,0,0년 0개월,https://jshj.net/brands/%EB%8B%AD%EA%B0%95%EC%A0%90-BRD_20231430
썬파닭 두마리치킨,(주)올터,2025,,0,2,0,2,0,0,,https://jshj.net/brands/%EC%8D%AC%ED%8C%8C%EB%8B%AD%20%EB%91%90%EB%A7%88%EB%A6%AC%EC%B9%98%ED%82%A8-BRD_20240992
오커치킨,푸드삼성,2023,59080,0,3,0,0,0,0,11년 7개월,https://jshj.net/brands/%EC%98%A4%EC%BB%A4%EC%B9%98%ED%82%A8-BRD_20140035
빨간닭강정,빨간닭강정,2024,48445,0,1,0,1,0,0,1년 5개월,https://jshj.net/brands/%EB%B9%A8%EA%B0%84%EB%8B%AD%EA%B0%95%EC%A0%95-BRD_20211553
토닭토닭양념치킨,대흥유통,2023,49970,0,4,25,0,1,0,16년 7개월,https://jshj.net/brands/%ED%86%A0%EB%8B%AD%ED%86%A0%EB%8B%AD%EC%96%91%EB%85%90%EC%B9%98%ED%82%A8-BRD_20190573
치킨아메리카Z,(주)호프라이트,2024,80631,0,0,,0,0,0,0년 0개월,https://jshj.net/brands/%EC%B9%98%ED%82%A8%EC%95%84%EB%A9%94%EB%A6%AC%EC%B9%B4Z-BRD_20240010
피자에 꼬친 닭,피자에꼬친닭,2023,54250,0,0,,1,0,0,0년 0개월,https://jshj.net/brands/%ED%94%BC%EC%9E%90%EC%97%90%20%EA%BC%AC%EC%B9%9C%20%EB%8B%AD-BRD_20214713
OEC통치킨,에스알제이에프엔씨(SRJF&C),2023,5500,108000,2,0,1,0,0,2년 6개월,https://jshj.net/brands/OEC%ED%86%B5%EC%B9%98%ED%82%A8-BRD_20211679
리킨치킨,세음에프앤비,2023,57650,0,2,50,0,1,0,18년 7개월,https://jshj.net/brands/%EB%A6%AC%ED%82%A8%EC%B9%98%ED%82%A8-BRD_20120100402
치박스,(주)동동에프엔씨,2023,73500,0,0,,0,0,0,0년 0개월,https://jshj.net/brands/%EC%B9%98%EB%B0%95%EC%8A%A4-BRD_20215734
꾸븐닭선생 숯불두마리치킨,(주)올림엔터프라이즈,2024,65500,4417,3,33.33,0,0,1,4년 7개월,https://jshj.net/brands/%EA%BE%B8%EB%B8%90%EB%8B%AD%EC%84%A0%EC%83%9D%20%EC%88%AF%EB%B6%88%EB%91%90%EB%A7%88%EB%A6%AC%EC%B9%98%ED%82%A8-BRD_20200751
아리아치킨,(주)현인에프앤디,2023,62700,0,2,0,0,0,0,17년 6개월,https://jshj.net/brands/%EC%95%84%EB%A6%AC%EC%95%84%EC%B9%98%ED%82%A8-BRD_20080100401
갓튀김닭,(주)와이케이,2023,74550,136077,7,42.86,5,0,3,4년 5개월,https://jshj.net/brands/%EA%B0%93%ED%8A%80%EA%B9%80%EB%8B%AD-BRD_20200471
만만닭강정,만만닭강정,2023,48150,0,1,0,1,0,0,1년 6개월,https://jshj.net/brands/%EB%A7%8C%EB%A7%8C%EB%8B%AD%EA%B0%95%EC%A0%95-BRD_20220468
닭재이,제이F&C,2024,76450,0,2,0,1,0,0,3년 9개월,https://jshj.net/brands/%EB%8B%AD%EC%9E%AC%EC%9D%B4-BRD_20240158
마파치킨,(주)한국창업경제연구소,2023,39500,152629,5,60,0,0,3,14년 6개월,https://jshj.net/brands/%EB%A7%88%ED%8C%8C%EC%B9%98%ED%82%A8-BRD_20090100469
바비후,(주)내일,2023,109400,305580,3,66.67,0,0,2,7년 5개월,https://jshj.net/brands/%EB%B0%94%EB%B9%84%ED%9B%84-BRD_20161222
닭광정,(주)플라잉테이블,2024,67900,166851,3,66.67,0,0,2,5년 8개월,https://jshj.net/brands/%EB%8B%AD%EA%B4%91%EC%A0%95-BRD_20190589
K(케이)닥,케이닥,2024,111700,0,0,,0,0,0,0년 0개월,https://jshj.net/brands/K(%EC%BC%80%EC%9D%B4)%EB%8B%A5-BRD_20240847
순구치떡,순구,2023,57500,0,1,0,0,0,0,7년 7개월,https://jshj.net/brands/%EC%88%9C%EA%B5%AC%EC%B9%98%EB%96%A1-BRD_20160999
치킨이남달라,(주)더기발한,2023,53260,0,2,50,0,0,1,5년 11개월,https://jshj.net/brands/%EC%B9%98%ED%82%A8%EC%9D%B4%EB%82%A8%EB%8B%AC%EB%9D%BC-BRD_20190385
치킨버스,(주)푸드버스,2024,86600,399161,2,50,0,0,1,12년 8개월,https://jshj.net/brands/%EC%B9%98%ED%82%A8%EB%B2%84%EC%8A%A4-BRD_20130265
더깨비 닭강정,(주)고려식품,2024,57100,0,1,0,1,0,0,2년 1개월,https://jshj.net/brands/%EB%8D%94%EA%B9%A8%EB%B9%84%20%EB%8B%AD%EA%B0%95%EC%A0%95-BRD_20240163
가마솥품은치킨,가마솥품은치킨(옥련점),2024,99275,0,0,,0,0,0,0년 0개월,https://jshj.net/brands/%EA%B0%80%EB%A7%88%EC%86%A5%ED%92%88%EC%9D%80%EC%B9%98%ED%82%A8-BRD_20230503
역전치킨,(주)제이앤디에프앤비,2024,40400,0,0,,0,0,0,3년 5개월,https://jshj.net/brands/%EC%97%AD%EC%A0%84%EC%B9%98%ED%82%A8-BRD_20212995
꽂따,꽂따,2024,149300,636375,1,0,0,0,0,2년 5개월,https://jshj.net/brands/%EA%BD%82%EB%94%B0-BRD_20210273
신발가게,(주)홀로그램,2025,,156000,1,200,1,0,2,,https://jshj.net/brands/%EC%8B%A0%EB%B0%9C%EA%B0%80%EA%B2%8C-BRD_20214189
추억닭발,추억닭발(본점),2023,80650,0,1,200,0,2,0,5년 9개월,https://jshj.net/brands/%EC%B6%94%EC%96%B5%EB%8B%AD%EB%B0%9C-BRD_20180682
베이직프라이드치킨,조이유통(주),2024,102430,726556,1,0,1,0,0,1년 8개월,https://jshj.net/brands/%EB%B2%A0%EC%9D%B4%EC%A7%81%ED%94%84%EB%9D%BC%EC%9D%B4%EB%93%9C%EC%B9%98%ED%82%A8-BRD_20230728
치킨어때?,치킨어때,2024,62000,0,0,,0,0,0,0년 0개월,https://jshj.net/brands/%EC%B9%98%ED%82%A8%EC%96%B4%EB%95%8C-BRD_20241022
서교동닭강정,(주)뉴타운,2025,,125104,5,20,5,0,1,,https://jshj.net/brands/%EC%84%9C%EA%B5%90%EB%8F%99%EB%8B%AD%EA%B0%95%EC%A0%95-BRD_20240574
꼬꼬순이,진미통상,2023,63050,69200,1,0,0,0,0,12년 11개월,https://jshj.net/brands/%EA%BC%AC%EA%BC%AC%EC%88%9C%EC%9D%B4-BRD_20120100693
치킨더치킨,(주)원진푸드,2023,22880,0,1,0,1,0,0,9년 2개월,https://jshj.net/brands/%EC%B9%98%ED%82%A8%EB%8D%94%EC%B9%98%ED%82%A8-BRD_20150275
치킨이즈백,에스엘(SLFOOD),2023,74800,0,0,,0,0,0,0년 0개월,https://jshj.net/brands/%EC%B9%98%ED%82%A8%EC%9D%B4%EC%A6%88%EB%B0%B1-BRD_20231034
3번가치킨,(주)제이원에프앤비,2023,76405,0,1,0,1,0,0,1년 7개월,https://jshj.net/brands/3%EB%B2%88%EA%B0%80%EC%B9%98%ED%82%A8-BRD_20211501
더후라이팬 치킨클럽,아이에스크리에이티브,2024,49698,115368,1,0,0,0,0,10년 8개월,https://jshj.net/brands/%EB%8D%94%ED%9B%84%EB%9D%BC%EC%9D%B4%ED%8C%AC%20%EC%B9%98%ED%82%A8%ED%81%B4%EB%9F%BD-BRD_20140813
중앙시장통닭,세아씨앤푸드,2024,51750,0,1,0,0,0,0,8년 8개월,https://jshj.net/brands/%EC%A4%91%EC%95%99%EC%8B%9C%EC%9E%A5%ED%86%B5%EB%8B%AD-BRD_20190488
순살로31,토브(주),2025,,0,1,200,0,0,2,,https://jshj.net/brands/%EC%88%9C%EC%82%B4%EB%A1%9C31-BRD_20211979
참숯불에꾸운닭,참숯으로꾸운닭,2023,137855,0,1,100,0,0,1,5년 4개월,https://jshj.net/brands/%EC%B0%B8%EC%88%AF%EB%B6%88%EC%97%90%EA%BE%B8%EC%9A%B4%EB%8B%AD-BRD_20180616
가마통,가마통,2023,50500,0,2,0,1,0,0,3년 8개월,https://jshj.net/brands/%EA%B0%80%EB%A7%88%ED%86%B5-BRD_20200964
신세계 닭발,신세계닭발,2023,64020,227761,1,0,1,0,0,2년 1개월,https://jshj.net/brands/%EC%8B%A0%EC%84%B8%EA%B3%84%20%EB%8B%AD%EB%B0%9C-BRD_20220219
브라보치킨피자,(주)브라보마케팅,2025,,0,1,0,0,0,0,,https://jshj.net/brands/%EB%B8%8C%EB%9D%BC%EB%B3%B4%EC%B9%98%ED%82%A8%ED%94%BC%EC%9E%90-BRD_20161309
원정숯불닭바베큐,원정바베큐,2023,44770,0,0,,0,0,0,0년 0개월,https://jshj.net/brands/%EC%9B%90%EC%A0%95%EC%88%AF%EB%B6%88%EB%8B%AD%EB%B0%94%EB%B2%A0%ED%81%90-BRD_20231579
종로 정진미통닭,종로정진미통닭,2024,37000,0,0,,0,0,0,0년 0개월,https://jshj.net/brands/%EC%A2%85%EB%A1%9C%20%EC%A0%95%EC%A7%84%EB%AF%B8%ED%86%B5%EB%8B%AD-BRD_20240684
팔복통닭,(주)팔복식품,2023,160600,0,0,,0,0,0,0년 0개월,https://jshj.net/brands/%ED%8C%94%EB%B3%B5%ED%86%B5%EB%8B%AD-BRD_20212436
